id_r,cue,resp_1,resp_2,resp_3,incorrect,human_correction,llama4:latest,gpt-oss:120b
73315,Schleifpapier,Oberflächen bearbeiten,WORD,entgraten,fein/grobkörnig,fein,feinkörnig/grobkörnig,fein
262581,Dorf,klein,weniger Menschen,WORD,Dorfsmuseum,Dorfmuseum,Dorfsmuseum,Dorfsmuseum
129350,Schau,Ereignis,besonders,WORD,Erinnerunh,Erinnerung,Erinnerung,Erinnerung
278002,innen,AUSSEN,WORD,drinnen,internal,internal,innen,internal
227314,Entscheidungen,falsch,richtig,WORD,unwiederuflich,unwiderruflich,unwiderruflich,unwiderruflich
111794,Rum,WORD,Brasilien,Seefahrer,Rumkugeln,Rumkugeln,Rumkugeln,Rumkugeln
126835,Panflöte,Pan,Fußgängerzone,WORD,El Condor pasa,El Condor Pasa,El Condor Pasa,El Condor pasa
212421,Niere,Urin,WORD,NA,Saure nierndln,Saure Nieren,Saure Nierchen,Saure Nieren
291522,Oberfläche,flach,sauber,WORD,glat,glatt,glatt,glatt
48712,Haltung,WORD,Stolz,aufrecht,Posture,posture,Haltung,Posture
188482,Teufel,Hase,WORD,grinsen,gewieft,gewieft,gewieft,gewieft
227890,Hohn,Spott,WORD,Gemeinheit,Monbing,Mobbing,Hohn Keine passende Korrekturmöglichkeit gefunden. Spott,Mobbing
176659,nachdenken,sinnieren,WORD,verweilen,kontemplieren,kontemplieren,kontemplieren,kontemplieren
87112,Sauerkraut,WORD,saurr,Mittagessen,igitt,igitt,igitt,igitt
49067,Helmut,Schmidt,Kohl,WORD,Bundeskkanzler,Bundeskanzeler,Kohl,Bundeskanzler
88336,Vereinigte Staaten von Amerika,Russland,WORD,Waffe,Hot dog,Hot Dog,Hotdog,Hot dog
186540,Seminar,Uni,WORD,Workshop,Clinic,clinic,Workshop,Clinic
328595,hochheben,WORD,NA,NA,lüpfen,lüpfen,heben,hüpfen
12657,Norm,WORD,Form,Struktur,Gedetz,Gesetz,Gesetz,Gesetz
335523,Taschentuch,WORD,WEISS,Tempo,Scnupfen,Schnupfen,Schnupfen,Schnupfen
213777,Ewigkeit,Gott,Transzendenz,WORD,Zeitlichkeit,Zeitlichkeit,Ewigkeit,Zeitlichkeit
46713,Phase,Pubertät,Krankheit,WORD,Erwachsenwerden,Erwachsenwerden,Lebensphase,Erwachsenwerden
69826,Kreide,Tafel,WORD,weiß,Der Wold und die 7 Geißlein,Der Wolf und die 7 Geißlein,Der Wolf und die 7 Geisslein,Der Wolf und die 7 Geißlein
173166,Karotte,essen,orange,WORD,knackig,knackig,knackig,knackig
252195,Manager,WORD,Führungskraft,NA,Profitgeier,Profitgeier,Profitgeier,Profitgeier
28810,Kaiser,WORD,Krone,Thron,willhelm,Willhelm,Wilhelm,Wilhelm
167222,Schauspieler,WORD,NA,NA,brad pitt,Brad Pitt,Brad Pitt,Brad Pitt
288273,sachlich,Zeitungsartikel,Bewerbungsbrief,WORD,beobachten7ö,beobachten,Beobachtung,beobachten
150627,Sexualität,WORD,Fortpflanzung,Instinkt,Bedürfniss,Bedürfnis,Bedürfnis,Bedürfnis
384915,duschen,Wasser,WORD,nass,schampoo,Shampoo,Shampoo,Shampoo
124378,katastrophal,WORD,Tod,Unfall,Zunami,Tsunami,Tsunami,Tsunami
156873,Fleischer,WORD,"theke, käufer, Schürze","aspik, leber, lyoner","wur, blut, Darm metzger, Messer",Wurst,"Wurst, Blut, Darm, Metzger, Messer","Wurst, Blut, Darm, Metzger, Messer"
62823,praktisch,nutzvoll,brauchbar,WORD,anwendungsbezogen,anwendungsbezogen,anwendungsbezogen,anwendungsbezogen
139194,Zweifler,WORD,hinterfragen,Überzeugung,hinb,hin,Zweifel,hinterfragen
257413,ungesund,Alkohol,WORD,Drogen,Fast food,Fast Food,Fast Food,Fast food
317710,Haken,Fisch,Sache,WORD,hänken,hängen,hängen,Haken
380148,Zoo,Tycoon,WORD,Tierpark,Arche Wader,Arche Warder,Tierpark,Arche Wader
91376,katastrophal,Reportage,WORD,News,Sensationalisierung,Sensationalisierung,Sensationalisierung,Sensationalisierung
282743,Kranich,Großer grauer Vogel,Zugvogel,WORD,Teichfische-Dieb,Teichfische-Dieb,Kranich,Fischdieb
326875,verlässlich,ich,WORD,Freundin,Vetrauen,Vertrauen,Vertrauen,Vertrauen
105858,Verstand,Genie,WORD,Wahnsinn,phisik,Physik,Physik,Physik
97750,E-Gitarre,laut,Bass,WORD,Subwoover,Subwoofer,Subwoofer,Subwoofer
19459,deutlich,genau,WORD,spezifisch,eundeutig,eindeutig,deutlich,eindeutig
296226,Los Angeles,WORD,Hollywood,Schauspieler,amreika,Amerika,Amerika,Amerika
80006,Artikulation,Logopädie,WORD,Sigmatismus,Phonetik- Phonologie,Phonetik,Phonetik-Phonologie,Phonetik-Phonologie
121390,Lettland,WORD,Schnee,Lappen,Schüttelreime von Mike Krüger,Schüttelreime von Mike Krüger,Schüttelreime von Mike Krüger,Schüttelreime von Mike Krüger
846,Ursache,Grund,WORD,Wirkung,Prinzip (principium),Prinzip,Ursache,Prinzip (principium)
32313,sichtbar,unsichtbar,Tarnumhang,WORD,visible,visible,sichtbar,visible
224186,Zauber,WORD,trank,Spruch,Harry potter,Harry Potter,Harry Potter,Harry Potter
382701,Eleganz,Schön,WORD,NA,Stylisch,stylisch,Stylisch,Stylisch
57876,stellen,WORD,absetzen,NA,hinpflanzen,hinplanzen,hinsetzen,hinpflanzen
160901,Fahrer,Auto,Bus,WORD,chaffeur,Chauffeur,Chauffeur,Chauffeur
18774,Universität,Hochschule,Studium,WORD,Alma mater,Alma Mater,Alma Mater,Alma mater
389822,Spaß,WORD,Radfahren,Boarding,Urluab,Urlaub,Urlaub,Urlaub
334908,Abgeordnete,Politik,Bundestag,WORD,Politike,Politiker,Politik,Politik
219636,Pfanne,WORD,Herd,Hitze,esssen,essen,Essen,essen
339706,Tagebuch,Anne Franck,WORD,Menstruation,Diaryslam,Diary Slam,Tagebuch,Diary Slam
252444,Brötchen,Semmel,WORD,NA,Frühstpck,Frühstück,Frühstück,Frühstück
361457,Fläche,Furßballfeld,WORD,Ebene,Breite * Länge,Breite mal Länge,Fläche,Breite × Länge
128658,beeindrucken,alles geben,guten Eindruck machen,WORD,anderes Geschlech,anderes Geschlecht,anderes Geschlecht,anderes Geschlecht
130407,Teamgeist,Kooperation,WORD,Synergie,Teamspirit,team spirit,Teamspirit,Teamspirit
345677,blond,WORD,Wasserstoff,NA,Marilyn montoe,Marilyn Monroe,Marilyn Monroe,Marilyn Monroe
159473,Pädagoge,Mann,WORD,Kinder,Theorielastig,theorielastig,Pädagoge,Theorielastig
320997,streicheln,liebkosen,Katze,WORD,behutsan,behutsam,behutsam,behutsam
302072,fegen,sauber machen,Schornsteinfeger,WORD,30. Geburtstag/Rathaus,30. Geburtstag,30. Geburtstag,30. Geburtstag
52437,Vermittlung,Telefon,Schlichter,WORD,Ausmitteln,Ausmitteln,Vermittlung,Ausmitteln
240165,komisch,lachen,Cabaret,WORD,runzlich,runzelig,komisch,witzig
292818,Bachelor,WORD,Single,jung,rtl+,RTL+,RTL,RTL+
79075,Kongress,WORD,interessant,teuer,dbl,dbl,Parlament,Debatte
11899,treten,schlagen,Fahrrad,WORD,betetn,betreten,betreten,betreten
195768,Abbild,Ähnlichkeit,Vergleich,WORD,abpauschen,abpausen,Abbild,abpauschen
180422,Geselligkeit,Lachen,Fröhlichkeit,WORD,sich zuprosten,sich zuprosten,zuprosten,sich zuprosten
276694,Bücher,WORD,sprachen,kaufen,lezen,lesen,lesen,lesen
223911,Gerede,WORD,belanglos,Kritik,Gequatsche,Gequatsche,Gequatsche,Gequatsche
317413,Graf,Herzog,Adel,WORD,Blaublütig,blaublütig,Adel,Blaublütig
167877,Verstoß,Regel,WORD,Gesetz,Stafe,Strafe,Strafe,Strafe
289262,keineswegs,nie,niemals,WORD,aufkeinen Fall,auf keinen Fall,auf keinen Fall,auf keinen Fall
113681,Anschrift,Adresse,Kontakt,WORD,Briefkasten / Post,Briefkasten,Briefkasten,Briefkasten
266756,PC,Computer,Laptop,WORD,Smatphone,Smartphone,Smartphone,Smartphone
362301,selbstlos,wünschenswert,WORD,NA,die Altruan,Altruan,Altruismus,die Altruistin
313996,vergebens,nicht ans Ziel gekommen,WORD,ohne Gewinn,Metzgergang,Metzgersgang,vergebens,vergeblich
286872,Faulheit,Faultier,Lernen,WORD,Motivationslos,motivationslos,Motivationslos,Motivationslos
239183,fließen,Fluss,Wasser,WORD,tai chi,Tai-Chi,tai chi,Tai Chi
328085,vorbereiten,zubereiten,parat,WORD,mise-en-place,Mise en Place,Mise en place,mise-en-place
318103,inzwischen,dazwischen,jetzt,WORD,daweil,daweil,daweil,derweil
78040,Handschrift,geschwungen,WORD,Persönlichkeit,krakelig,krakelig,krakelig,krakelig
343496,grob,Doll,WORD,NA,unsäuberlich,unsäuberlich,unsauber,unsäuberlich
152631,schlemmen,GENIESSEN,übertreiben,WORD,disziplinlos,disziplinlos,exzessiv,disziplinlos
88967,Symptom,Krankheit,WORD,NA,Psyschrembel,Pschyrembel,Psychorembel,Psychose
224256,Zwang,Diktatur,WORD,Diät,kravatte,Krawatte,Krawatte,Krawatte
352049,reinkommen,WORD,willkommen,wärme,rausgucken,rausgucken,hinausgucken,rausgucken
27381,Handbuch,WORD,NA,NA,Keine Antwort1,keine Antwort,Keine Antwort,Keine Antwort
189409,Fasching,Karneval,Feiern,WORD,Köstum,Kostüm,Kostüm,Kostüm
181281,Kredit,WORD,Bank,Hypothek,"Geld, Bank, Hypothek",Geld,Geld,Geld
382927,Geburtstag,immer älter,WORD,Mami,Schoggichueche,Schoggikuchen,Schokoladenkuchen,Schokochueche
327598,Motto,Mantra,WORD,Ansporn,verwinfachung,Vereinfachung,Vereinfachung,Vereinfachung
109460,Buddhismus,WORD,naturverbunden,heilig,friedvoll,friedvoll,friedvoll,friedvoll
183508,Schimmel,hässlich,WORD,giftig,grüngrau,grüngrau,grün,grün-grau
279205,Holocaust,Juden,Verbrennung,WORD,Yad vashem,Yad Vashem,Yad Vashem,Yad Vashem
298363,prahlen,angeben,WORD,Geld,Angeber:in,Angeber,Angeber,Angeber:in
132866,Küchenschrank,Kochen,WORD,Essen,Stsuraum,Stauraum,Schrank,Stauraum
245917,Anker,Schiff,stark,WORD,haltgebend,haltgebend,Anker,haltgebend
259928,eklig,gruselig,WORD,schleimig,dreckick,dreckig,ekelig,dreckig
114724,warten,Langeweile,WORD,nervig,ermüdent,ermüdend,ermüdend,ermüdend
294383,heulen,weinen,WORD,Tränen,Wolfsgeheule,Wolfsgeheule,Wolfsgeheule,Wolfsgeheul
397256,USA,Reisen,Lockerheit,WORD,Unverbindlichkeit,Unverbindlichkeit,Unverbindlichkeit,Unverbindlichkeit
76290,Millionen,Euro,Einwohner,WORD,Mückenplage,Mückenplage,Mücken,Mückenplage
252291,stimmt,passt,übereistimmung,WORD,bestätkgen,bestätigen,bestätigen,bestätigen
326416,Illusion,WORD,Träumer,Wunsch,trajum,Traum,Traum,Traum
97824,ergebnisorientiert,schule,lernen,WORD,Top down,top-down,Top-down,Top down
307642,mehrmals,öfters,wiederholt,WORD,vielzählig,vielzählig,mehrmals,vielzählig
32365,beschäftigen,arbeiten,unternehmen,WORD,bespaßen,bespaßen,beschäftigen,bespaßen
168754,Einverständnis,WORD,Zustimmung,NA,agreement,Agreement,Einverständnis,agreement
343799,vorsehen,Achtgeben,WORD,NA,vorausahnen,vorausahnen,vorausahnen,vorausahnen
144900,Motorrad,WORD,Helm,rennen,teifen,Reifen,Reifen,Reifen
284886,wunderbar,prächtig,WORD,Landschaft,Frau aeschlimann,Frau Aeschlimann,Frau Aeschlimann,Frau Aeschlimann
96033,Strahl,Laser,Sonnenstrahlen,WORD,Röngenstrahlen,Röntgenstrahlen,Röntgenstrahlen,Röntgenstrahlen
71041,ersuchen,finden,schauen,WORD,nachgucken,nachgucken,nachgucken -> ersuchen; Die korrigierte Response ist: anfragen,nachgucken
385959,Senator,Politik,würdevoll,WORD,distinguiert,distinguiert,distinguiert,distinguiert
12419,Heinrich,Altdeutscher Name,WORD,Kaiser xy,langeweilig,langweilig,langweilig,langweilig
74072,Segelschiff,Meer,Freiheit,WORD,grenzenlosigkeit,Grenzenlosigkeit,grenzenlos,Grenzenlosigkeit
347626,Enge,WORD,durch,schmal,dräue,dräuen,Dräue,draue
357644,Quatsch,Unfug,WORD,Quatsch mit Soße,Voker Quaschning,Volker Quaschning,Quatsch,Voll Quatsch
18712,Gesundheit,Krebs,Obst,WORD,hatschi,hatschi,Gesundheit,Hatschi
127925,Fräulein,WORD,Herrlein,NA,gibts nicht,gibt's nicht,Fräulein,gibt's nicht
143249,Cognac,Alkohol,Frankreich,WORD,Louis de Funes,Louis de Funes,Louis de Funes,Louis de Funès
318920,Bauarbeiter,Baustelle,Helm,WORD,Hinterherpfeifen,hinterherpfeifen,Hinterherpfeifen,Hinterherpfeifen
52987,Notwendigkeit,Plage,Lottogewinn,WORD,wat Mut Mut,"wat mutt, dat mutt",Mut,was
143375,Lego,Kindheit,WORD,Bauklötze,(lego-) Technik,Technik,Technik,Technik
103677,Reh,Hirsch,WORD,Kitz,Regrücken,Rehrücken,Reh Rücken,Rehrücken
178652,Einbruch,Dieb,Raub,WORD,stehelen,stehlen,Die korrigierte Response lautet: stehlen,stehlen
190181,Demenz,Alter,Krankheit,WORD,vergesseb,vergessen,Vergesslichkeit,Vergessen
236177,weiterhin,Immer noch,WORD,NA,Andauernf,andauernd,Andauern,Andauern
89727,Dudelsack,Schottland,Musik,WORD,Roddy Piper,Roddy Piper,Roddy Piper,Roddy Piper
234898,Ursprung,original,WORD,Ursache,queöle,Quelle,Ursprung,Quelle
239632,nur,WORD,wenig,klein,geringschätzen,gering schätzen,nur,geringschätzen
207176,kalt,Wetter,WORD,NA,ungequem,unbequem,unangenehm,unbequem
108732,Hamburger,Bürger der Stadt Hamburg,Cheesburger,WORD,Fast food,Fast Food,Fast Food,Fast food
113719,Orgel,Kirche,Hochzeit,WORD,Andi (Organist),Andi,Organist,Andi (Organist)
229120,Ehre,WORD,Auszeichnung,NA,"Kohl,Helmut",Helmut Kohl,Auszeichnung,Helmut Kohl
43222,Mail,EMail,WORD,NA,Scheckenpost,Schneckenpost,Post,Schnellpost
195108,Genie,WORD,Wahnsinn,einzigartig,Oberklug,oberklug,Oberklug,Oberklug
360758,Zugehörigkeit,WORD,Gemeinschaft,Gefühl,assoziert,assoziiert,Assoziation,assoziiert
280383,Song,Text,Contest,WORD,Neil Diamond,Neil Diamond,Neil Diamond,Neil Diamond
202770,sortieren,WORD,Akten,NA,irdnen,ordnen,sortieren,ordnen
101940,Ziehharmonika,Mundharmonika,Handorgel,WORD,quetschkomode,Quetschkommode,Quetschkommode,Quetschkommode
140771,herrschen,REGIEREN,WORD,BEHERRSCHEN,HERRSCHSÜCHTIG,herrschsüchtig,herrschsüchtig,HERRSCHSÜCHTIG
171210,ethisch,korrekt,moralisch,WORD,Institutional Review Board,Institutional Review Board,Institutional Review Board,Institutional Review Board
113388,charmant,WORD,nett,sympathisch,Prinz Charming,Prinz Charming,Prinz Charming,Prinz Charming
139851,akribisch,WORD,zwanghaft,ordentlich,detailverliebt,detailverliebt,detailverliebt,detailverliebt
385438,daheim,Zuhause,WORD,Gemüt,my home is my castle,my home is my castle,Zuhause,my home is my castle
224478,Mitmenschen,WORD,NA,NA,Menschen Nicht Mit-menschen oder Ohne-menschen...,Menschen,Mitmenschen,Menschen
112827,Slowakei,WORD,Bratislava,Bier,Tschechislowakei,Tschechoslowakei,Tschechoslowakei,Tschechoslowakei
278957,Badezimmer,toillette,Dusche,WORD,Badewannr,Badewanne,Badewanne,Badewanne
247919,Verurteilung,Gericht,WORD,Gesetz,Richter*in,Richter,Richterin,Richter*in
318135,Nudeln,Spaghetti,Tomatensauce,WORD,parmesam,Parmesan,Parmesan,Parmesan
311754,dorthin,fern,WORD,einräumen,exptisch,exotisch,exptisch -> exotisch,exotisch
356891,Lagerfeuer,Gitarre,WORD,Glut,würstcgen,Würstchen,Würstchen,Würstchen
168783,Ungarn,Land,östlich,WORD,österreich-ungarn,Österreich-Ungarn,Österreich-Ungarn,Österreich
130524,Maler,Farben,Gerüste,WORD,Weise Kitteldinger,weiße Kittel,Weißkittel,Weiße Kittel
240935,Unwetter,zerstörerisch,WORD,unkontrollierbar,zuviel Regen,zu viel Regen,Unwetter,zu viel Regen
152527,schmecken,WORD,ausprobieren,Gourmet,mmh,mmh,mmh,mmm
314694,Diversität,vielseitig,WORD,NA,vielfälltig,vielfältig,vielfältig,vielfältig
286374,wiederholen,WORD,Fehler,Wort,noochmals,nochmals,nochmals,nochmals
260011,Schokolade,WORD,Schweiz,Schoko-Drink,Schoggi,Schoggi,Schokolade,Schoggi
343670,Einzelnachweis,Behörde,WORD,Formular,bamtensprech,Beamtensprech,Amtensprache,Amtssprache
376561,kreativ,WORD,töpfern,zeichnen,Berug,Beruf,Beruf,Beruf
240433,klauen,stehlen,WORD,bestrafen,Wachsmalfarbe,Wachsmalfarbe,stehlen,Wachsmalfarbe
128916,Schlange,Hand,WORD,NA,Tromme,Trommel,Schlage,Trommel
322168,vernichten,zerstören,Gewalt,WORD,anhilieren,annihilieren,anihilieren,annihilieren
267460,Kosmetik,Schminke,WORD,teuer,Make Up,Make-up,Make-up,Make Up
154158,Hemd,Hose,WORD,Kravatte,TShirt,T-Shirt,T-Shirt,T-Shirt
344077,beugen,strecken,WORD,aufgeben,Ellebogen,Ellenbogen,Beugen,Ellbogen
58293,Anforderung,WORD,haben,Angst,gerechtwerden,gerecht werden,Anforderung,gerecht werden
349538,vorbereiten,WORD,NA,NA,prepare,prepare,vorbereiten,prepare
91368,Finanzen,Bank,WORD,verwirrend,Bösre,Börse,Börse,Börse
51607,John,Malkovich,Lennon,WORD,Fuegi,John Fuegi,John Lennon,Fuego
27080,Gebrauch,Gebrauchsgegenstand,Benutzen,WORD,Use,use,Benutzen,Use
117125,Pinguin,Pingeln,WORD,Urlaub,atagonien,Patagonien,Antarktis,Antagonien
174713,Handy,Telefon,Anrufen,WORD,Tramfahrt,Tramfahrt,Tramfahrt,Tramfahrt
311003,aufzeigen,WORD,Hoch,Finger,Aufmalen,aufmalen,aufzeigen,Aufmalen
132704,Drehbank,Metall,WORD,Metallbau,zerspannungsmechaniker,Zerspanungsmechaniker,Zerspanungsmechaniker,Zerspanungsmechaniker
226871,Thron,Herrscher,WORD,Palast,großbriannien,Großbritannien,Großbritannien,Großbritannien
226551,Einbruch,Maske,Waffe,WORD,Nnacht,Nacht,Nacht,Nacht
227019,Deutung,Deutlich,Meinung,WORD,Definion,Defintion,Definition,Definition
80068,etablieren,Markt,Umsatz,WORD,investitiom,Investition,Investition,Investition
46637,Öffentlichkeit,offener Raum,WORD,viele Menschen,keine privatheit,keine Privatheit,keine Privatsphäre,Keine Privatheit
290052,Herr der Ringe,Film,Fantasy,WORD,New zealand,New Zealand,Neuseeland,New Zealand
349970,unterwürfig,WORD,feige,gestrig,kriecherisch,kriecherisch,kriecherisch,kriecherisch
142670,Thailand,tropisch,WORD,Kriminalität,Süd-ost Asien,Südostasien,Südostasien,Südostasien
196289,grün,Natur,WORD,pflanzen,die grünen (partei),Die Grünen,Die Grünen,Die Grünen
194749,Tür,WORD,Pforte,NA,Eigang,Eingang,Eingang,Eingang
166588,Mundharmonika,WORD,NA,NA,Zieharmonika,Ziehharmonika,Zieharmonika,Mundharmonika
218161,Gitter,Netz,Gefängnis,WORD,Absperrunh,Absperrung,Absperrung,Absperrung
325066,abrufen,WORD,Fähigkeiten,Wissen,Emails,E-Mails,abrufen,Emails
318048,ertragen,mühsam,schleppend,WORD,wenns sein muss,wenn es sein muss,wenn's sein muss,wenn's sein muss
131053,Kran,bauen,Baustelle,WORD,Bauarbeiterdekoltée,Bauarbeiter-Dekolleté,Bauarbeiterdekolleté,Bauarbeiterdekolleté
199584,Beutel,Jutebeutel,Einkaufstasche,WORD,Kängurubeutel,Kängurubeutel,Kängurubeutel,Kängurubeutel
201101,Mine,Explosion,Beine,WORD,südlices Afrika,südliches Afrika,Südliches Afrika,Südliches Afrika
50097,Reflexion,Reflex,Assoziation,WORD,Konnektion,connection,Assoziation,Konnektion
276779,Länge,WORD,Maßband,Zeit,Srecke,Strecke,Strecke,Strecke
144495,nah,WORD,im Reichweite,kurze strecke,fernn,fern,nah,fern
125261,passen,Klamotten,Menschen zueinander,WORD,Puzzleteile,Puzzleteile,Puzzleteile,Puzzleteile
121791,Mücke,Stechen,WORD,Malaria,sirren,sirren,sirren,surren
183252,bitter,traurig,WORD,NA,ungesüßt,ungesüßt,ungesüßt,ungesüßt
275659,Wetter,Sonne,Wetterbericht,WORD,Wtterfrosch,Wetterfrosch,Wetterfrosch,Wetterfrosch
128433,herausragend,super,exzellent,WORD,spizze,Spitze,spitze,spitze
48256,ausführlich,gründlich,umfassend,WORD,detailiert,detailliert,detailiert,detailliert
294350,verhaften,festnehmen,Polizei,WORD,gefägniss,Gefängnis,Gefängnis,Gefängnis
318888,Jack,Vorname,WORD,Jackpot,the ripper,Jack the Ripper,Jack,Jack the Ripper
52668,Lage,WORD,Ort,Bett,Lüttje,Lüttje,Lüttje,Lütje
296170,beeinflussen,Einfluss,Meinungsänderung,WORD,authoritär,autoritär,beeinflussen,authoritär
72862,Lord,WORD,England,Fantasie Bücher,of the rings,The Lord of the Rings,Herr der Ringe,Lord of the Rings
367031,Mark,Geld,Mark Brandenburg,WORD,Mark Klößchen,Markklößchen,"Mark Klößchen -> Mark Klößchen bleibt, da eine Korrektur zu ""Marke"" nicht sinnvoll ist, aber ""Mark"" ist der Cue und ""Klößchen"" ist ein eigenständiges Wort Klößchen",Mark Klößchen
258345,weich,hart,WORD,Kissen,kuschlig,kuschlig,weich,kuschlig
60877,Beitrag,WORD,Addition,Spende,Mitmach-Aktion,Mitmachaktion,"Mitwirkung, Aktion",Mitmach-Aktion
377851,Spritze,WORD,Impfung,Schmerz,aaah,aaah,Schmerz,Nadel
103436,Unterbrechung,Enttäuschung,WORD,ärgerlich,Coitus interruptus,Coitus interruptus,Unterbrechung,Coitus interruptus
313938,nochmal,WORD,Runde,Widerholen,Mehere Versuche,Mehrere Versuche,Mehrere Versuche,Mehrere Versuche
131098,Quote,Neger,LOL,WORD,rekt,rekt,rekt,rekt
303532,Hollywood,Filme,Schauspieler:innen,WORD,Regisseur:innen,Regisseur,Regisseure,Regisseur:innen
133855,kommandieren,WORD,befehlen,Kommandant,令,令,befehlen,Befehl
41759,Verhältnis,WORD,gefährlich,Büro,Affäire,Affäre,Affäre,Affäre
126528,herausstechend,WORD,gut,Augenkrebs,besonder,besonders,besonders,besonders
40637,treten,WORD,kicken,stauchen,dappen,tappen,"dappen -> treten, daher: treten -> 'dappen' sollte 'treten' lauten; Die korrigierte Response ist: treten",tappen
126712,Hobby,Hobbies,WORD,Lesen,Kennenlernrunde,Kennenlernrunde,Kennenlernrunde,Kennenlernrunde
245801,Mechanik,Auto,WORD,Werkstatt,Machaniker,Mechaniker,Mechaniker,Mechaniker
87632,beherbergen,Hotel,Jugendherberge,WORD,unterkommen,unterkommen,unterkommen,unterkommen
8868,lösen,WORD,Rätsel,Chemie,Solution,solution,Lösung,Solution
317872,ungenügend,Note,WORD,unzufriedenstellend,Leisutng,Leistung,Leistung,Leistung
86704,Kasus,WORD,Latein,Fall,knaktus,Knackpunkt,Fall,Kasus
149764,Musiker,WORD,viel üben,Star,klasischemusik,klassische Musik,Klassische Musik,klassische Musik
74854,Storch,weiß,lange dünne Beine,WORD,babies,Babies,Kinder,babies
111712,Estland,Lettland,WORD,Länder,Littauen,Litauen,Litauen,Litauen
274332,Küste,WORD,Papageientaucher,Felsen,Nordeseeküste,Nordseeküste,Küste,Nordseeküste
152186,Straßenbahn,WORD,Verkehr,Pendeln,Trämli,Tram,Tram,Trämli
182228,Verlierer,WORD,NA,NA,Gibts nicht,gibt's nicht,Verlierer,gibt's nicht
73499,Sandale,Birkenstock,Zwischenzehsteg,WORD,Flip Flop,Flip-Flop,Flip-Flop,Flip Flop
332457,beruhigen,WORD,Frust,Da sein für jemnden,Wüt,Wut,Wut,Wut
203210,Niveau,hoch,WORD,brillant,sofistiziert,sophistiziert,sophistiziert,sophistiziert
8581,diskutieren,argumentieren,klugscheißen,WORD,Missverständniss,Missverständnis,Missverständnis,Missverständnis
54330,verfolgen,jagen,WORD,schnell,Jason Born,Jason Bourne,Jason Bourne,Jason Bourne
134062,Hüfte,Beine,WORD,Bruch,OS ilium,Os ilium,Os ilium,Os ilium
370568,öde,WORD,träge,nichtssagend,längweilig,langweilig,langweilig,langweilig
16636,Bildung,WORD,bildhaft,hirndung,geistdung,geistig,bildung Die korrigierte Response lautet: Bildung,Geistbildung
168759,Bolivien,Anden,WORD,Indios,la paz,La Paz,La Paz,La Paz
371272,sinken,untergehen,WORD,nicht mehr zu sehen,fallenlassen,fallen lassen,fallen lassen,fallen lassen
105369,Schreiner,"schwarzer, traditioneller Arbeistanzug",WORD,Geruch nach Holz,"schöner, junger, kräftiger Mann",schöner Mann,"Schwarzer, traditioneller Arbeitsanzug","schöner, junger, kräftiger Mann"
101719,Aprilscherz,albern,wetterwendisch,WORD,"Sonne, Hagel, Regen",Sonne,Wetter,Sonne
41372,Entwurf,Plan,Hausbauplan,WORD,Gedicht/Romanentwurf,Gedicht,Gedicht/Romanentwurf,Gedicht
61511,Roman,Buch,Entspannung,WORD,Litteratur,Literatur,Literatur,Literatur
171310,Luxemburg,WORD,Stadt,NA,Lanf,Land,Luxemburg,Land
400545,Irrtum,WORD,Paragraf,Gesetz,Falschliegen,Falschliegen,Falschliegen,falsch liegen
268113,illegal,Kriminaltat,WORD,Canabis,Gefägnis,Gefängnis,Gefängnis,Gefängnis
144859,Saft,orange,spfel,WORD,tomateapfel,Tomate,Tomate,Tomate
24521,Uhr,Zeit,WORD,Verlauf,tick-tack,tick-tack,tick-tack,Tick-Tack
298287,unehrlich,lügen,WORD,nicht ehrlich,ungetreu,ungetreu,ungetreu,ungetreu
285779,Zusammenschluss,Novartis,WORD,Zentrierung,oeganisationsstruktur,Organisationsstruktur,Organisationstruktur,Organisationsstruktur
69877,Möhre,orange,Gelbe Rübe,WORD,knackig,knackig,knackig,knackig
166738,Anführungszeichen,Ausrufezeichen,Fragezeichen,WORD,interpounktion,Interpunktion,Interpunktion,Interpunktion
326640,pfeifen,WORD,Mund,Idiot,ofeife,Pfeife,pfeifen,Pfeife
110540,Schimpfwort,harmlos,WORD,Idiot,Gemecker,Gemecker,Beleidigung,Gemecker
116790,überbewertet,vieles,WORD,Blender,zuviel,zu viel,zuviel,zu viel
350388,Zürcher,WORD,Geschnezeltes,See,"ja, war in Berlin",Berlin,Berlin,"ja, war in Berlin"
301578,Pommes,WORD,Kartoffel,essen,McDonnald,McDonald's,McDonald's,McDonald's
245041,Erotik,Sex,WORD,Bücher,Porna,Porno,Pornografie,Porno
376246,Toleranz,wertschätznd,offen,WORD,sympatisch,sympathisch,sympathisch,sympathisch
354737,unnütz,wertlos,überflüssig,WORD,… aber trotzdem schön,aber trotzdem schön,überflüssig,schön
278121,Durchschnitt,WORD,Mittelmaßzeichen,4.5,Mittlemass,Mittelmaß,Mittelmaß,Mittelmaß
281669,Werkbank,Fabrik,Fließband,WORD,unindividuell,unindividuell,unindividuell,unindividuell
108654,Schulaufgaben,WORD,Lernerfolg,regelmäßig,mühsig,müßig,mühsam,mühsig
303188,Reagenzglas,Labor,Chemieunterricht,WORD,In vitro,in vitro,In-vitro,In vitro
282474,fleißig,WORD,Noten,Schule,strebsam,strebsam,strebsam,strebsam
72771,Eigeninitiative,WORD,Ich-AG,Eigentum,Selbstvertauen,Selbstvertrauen,Selbstvertrauen,Selbstvertrauen
92244,Millionär,Geld,Yacht,WORD,trust Fund,trust fund,Trustfonds,trust Fund
143776,Stift,Kuli,Bleistift,WORD,schreibven,schreiben,Schreiben,schreiben
193695,Bühne,auftritt,singen,WORD,perfomance,Performance,Performance,Performance
75403,Biene,WORD,Honig,Königin,Feliß,Fleiß,Biene,Fleiß
267091,rein,sauber,WORD,steril,unverschmutzt,unverschmutzt,sauber,unverschmutzt
84723,Löwe,Mähne,brüllen,WORD,starm,stark,Stern,stark
315229,Weltraum,WORD,Sternen,Galaxie,Planete,Planet,Planete,Planet
283934,Tour,WORD,Tourist,tojour,de france,Tour de France,Frankreich,Tour de France
19412,Internet,WORD,e-mails,Seiten,World wide web,World Wide Web,World Wide Web,World wide web
215451,Egoismus,gnadenlos,ohne Kompromis,WORD,Selbstführsorge,Selbstfürsorge,Selbstfürsorge,Selbstfürsorge
383077,Obama,Präsident,man of color,WORD,Yes we can,yes we can,Obama,Yes we can
56123,klar,unklar,WORD,durchsichtig,Kloßbrühe,Kloßbrühe,Kloßbrühe,Kloßbrühe
346646,Vorgabe,WORD,Zielvorgabe,Zwang,Planerfüllun,Planerfüllung,Planerfüllung,Planerfüllung
347932,Mörtel,Lugner,WORD,NA,Mörtelmaschine,Mörtelmaschine,Mörtelmaschine,Mörtelmaschine
80745,Fremdwörter,Eloquent,Bildungsgrad,WORD,überschäzt,überschätzt,überschätzt,überschätzt
314490,seriös,anständig,WORD,Firma,Geschäftanlass,Geschäftsanlass,Geschäftsanlass,Geschäftsanlass
253086,Hohn,Spott,Gäme,WORD,Bishaftigkeit,Boshaftigkeit,Bisshaftigkeit,Bisshaftigkeit
75429,Lineal,Bleistift,WORD,Linie,geodreick,Geodreieck,Geodreieck,Geodreieck
234444,meins,WORD,NA,NA,deins,deins,deins,deins
115837,Straßenbahn,Gebimmel,Innenstadt,WORD,eiligt,eilig,Heiligt,eilig
8495,Heft,Schule,WORD,Hausaufgaben,liniert,liniert,liniert,liniert
380003,Hausaufgaben,Heft,schule,WORD,Pflichteen,Pflichten,Pflichten,Pflichten
224861,bezahlbar,preiswert,WORD,lohnend,Second Hand,Second-Hand,Secondhand,Secondhand
33838,Arbeiter,Maloche,Sozialismus,WORD,Geldverdienen,Geld verdienen,Geld verdienen,Geldverdienen
399087,sagen,Sage,WORD,reden,schrechen,sprechen,sagen,sprechen
391848,Vaterland,Heimat,WORD,leben,in demland,in dem Land,Deutschland,in dem Land
136126,Offizier,Hierarchie,WORD,Uniform,Millitär,Millitär,Militär,Militär
169440,Brechbohnen,WORD,grün,Garten,Igitt,igitt,Igitt,Igitt
131582,Mongolei,WORD,Steppe,Tartaren,Genghis Khan,Dschingis Khan,Mongolei,Genghis Khan
344606,Diktator,WORD,Nord Korea,Absolutismus,Gadafi,Gaddafi,Gaddafi,Gaddafi
142667,Zettel,Papier,WORD,Bleistift,Notitz,Notiz,Notiz,Notiz
184745,wohlfühlen,Warm,WORD,NA,Kuschlig,Kuschlig,Kuschlig,kuschelig
137040,kostenlos,WORD,NA,NA,Open source,Open Source,Open-Source,Open source
314166,Knall,Unfall,WORD,Gerausch,Larm,Lärm,Lärm,Alarm
119759,Pakistan,WORD,Flucht,AlQuaida,Bin Ladn,Bin Laden,Bin Laden,Bin Laden
250491,Schnecke,Haus,WORD,zwittrig,Kringel,Kringel,Schnecke,Kringel
104718,Umwandlung,Veränderung,WORD,Aufgabe der bisherigen Posizion,Kleiner/Grösser machen,kleiner machen,Vergrößern/Verkleinern,kleiner/größer machen
261782,Frucht,WORD,Nektarine,NA,pfirsisch,Pfirsich,Pfirsich,Pfirsich
262739,Busen,Brust,Geschlechtsorgan,WORD,(weibliches) Geschlechtsmerkmal,weibliches Geschlechtsmerkmal,Brust,weibliches Geschlechtsmerkmal
172864,aufgeregt,WORD,Prüfung,Ärgernis,veriebt,verliebt,verliebt,verliebt
233764,Spontan,uneingeübt,kindlich,WORD,Bsuchgefühl,Bauchgefühl,Unbewusst,Bauchgefühl
248731,Nase,Mund,WORD,Augen,schnäutzen,schnäuzen,Schnauze,schnäuzen
341730,Werkzeugkasten,WORD,schwer,Zange,Reperatur,Reparatur,Reparatur,Reparatur
107452,extrovertiert,laut,WORD,außen,ausse,außen,außen,außen
47582,ausdrücklich,genau,WORD,befehlen,hinweißen,hinweisen,Hinweis,hinweisen
288098,nirgendwo,Nimmerland,kein Ort,WORD,Ortlos,ortlos,Ortlos,Ortlos
77032,Eigenschaften,Tugenden,wichtige Wortart,WORD,einschätzungskriterium,Einschätzungskriterium,Einschätzungskriterium,Einschätzungskriterium
14861,sollen,wollen,müssen,WORD,Soln,sollen,Sollten,sollen
100364,Südkorea,weltoffen,WORD,Asien,ergeizig,ehrgeizig,ambizios,ehrgeizig
343870,Nachmittag,Tageszeit,Schlaf,WORD,apojewma (griechisch),απόγευμα,Nachmittag,Apogevma
351483,Lücke,Mut zur,WORD,NA,Theaterstück „Die Lücke“,Theaterstück „Die Lücke“,"Theaterstück ""Die Lücke""",Theaterstück „Die Lücke“
165853,unterdrücken,WORD,NA,NA,Dikatatur,Diktatur,Diktatur,Diktatur
157348,Marokko,Nordamerika,WORD,Falafe,*Nordafrika,Nordafrika,Nordafrika,Nordafrika
299832,kapieren,verstehen,WORD,Verständnis,checken,checken,verstehen,checken
942,Engagement,Mithilfe,WORD,französisch,dabeisein,dabeisein,Dabeisein,Dabeisein
296406,WC,Urin,WORD,Toilette,igitt,igitt,Ekel,igitt
195706,Baltikum,Lettland,WORD,NA,Estalnd,Estland,Estland,Estland
306084,Einigkeit,drei,Gott,WORD,heilger Geist,Heiliger Geist,heiliger Geist,heiliger Geist
335704,Rucksack,Bergwanderung,olivgrün,WORD,Verschlussschnalle,Verschlussschnalle,Verschluss,Verschlussschnalle
327334,Chili,WORD,scharf,rot,con carne,Chili con Carne,Chili con Carne,con carne
70821,konstant,WORD,gleichbleibend,kontinuierlich,dauerhauft,dauerhaft,dauerhaft,dauerhaft
254170,Ahnung,Geist,WORD,Kenntnisse,Vorhersicht,Vorhersicht,Ahnung,Voraussicht
194601,gesamt,alles,total,WORD,konplett,komplett,komplett,komplett
372064,Verzeihung,WORD,Fehler,Verbrechen,entschudigung,Entschuldigung,Entschuldigung,Entschuldigung
388217,Finsternis,WORD,unheimlich,NA,sternenlos,sternenlos,Dunkelheit,sternenlos
102623,Wolkenkratzer,New York,WORD,hoch,Empire State Building,Empire State Building,Empire State Building,Empire State Building
148349,Durst,WORD,Wasser,Erfrischung,trinhen,trinken,trinken,trinken
240175,Erleichterung,WORD,NA,NA,Aufatmung,aufatmen,Aufatmung,Aufatmung
122014,Vergänglichkeit,WORD,Verlust,Trauer,"Tod, Leben, Vergessen werden",Tod,Tod,Tod
296115,Eifersucht,WORD,Vertrauen,Beziehung,Partner:innenschaft,Partnerschaft,Partnerinnenschaft,Partnerschaft
113403,Anorak,regen,WORD,rot,kaputze,Kapuze,Kapuze,Kapuze
97225,meinungslos,Trägheit,Interessenlos,WORD,Abstumpfung,Abstumpfung,Abstumpfung,Abstumpfung
80993,Serbien,Kosovo,Albanien,WORD,sasa stanicic,Saša Stanišić,sasa stanicic,Saša Staničić
385710,verschwommen,Brille,Augen,WORD,Sehrn,sehen,Sehen,Sehen
113213,Kopfkissen,Schlafen,Wissen,WORD,Zahnfeh,Zahnfee,Zahnfee,Zahnfee
13916,Menge,Meute,WORD,Menschen,Kiligramm,Kilogramm,Kilogramm,Kilogramm
170046,verifizieren,bestätigen,WORD,anerkennen,konfirmieren,konfirmieren,konfirmieren,konfirmieren
160458,präsentieren,WORD,Konferenzraum,NA,Präsentatiob,Präsentation,Präsentation,Präsentation
54194,Staat,WORD,Regierung,Politiker,abzocke,Abzocke,Abzocke,Abzocke
46704,Leiter,Physik,WORD,Vorgesetzter,Sprossenleiter,Sprossenleiter,Sprossenleiter,Sprossenleiter
286271,Skizze,WORD,Zeichnen,Bleistift,Zei hnen,zeichnen,Zeichnen,Zeichnen
158285,Lokführer,Mütze,WORD,Zug,Jungenstraum,Jugendtraum,Jungenstraum,Jungentraum
164921,Bekanntschaft,Beischlaf,WORD,Freund,Bekennerschreibe,Bekennerschreibe,Bekanntschaft,Bekanntschaft
345565,Relation,Gewichtung,WORD,Verhältnis,Abwagung,Abwägung,Abwägung,Abwägung
250881,Wohlbefinden,Gut,Zufriedenheit,WORD,Kuschelig,kuschelig,Kuschelig,Kuschelig
39714,bezeichnen,benennen,WORD,NA,Defintion,Definition,Definition,Definition
336337,zusagen,WORD,Ja,Hoffnung,Versperchen,Versprechen,Versprechen,Versprechen
177785,respektvoll,höflich,jemanden achten,WORD,Taikwando,Taekwondo,respektvoll,Taekwondo
59409,Geschlecht,männlich,weiblich,WORD,skrankheit,Geschlechtskrankheit,Geschlecht,Krankheit
136713,Barock,altmodisch,Style,WORD,stylistisch,stilistisch,stylistisch,stilistisch
248431,sehr,arg,WORD,doof,schln,schön,sehr,schlecht
399632,Computer,WORD,gut,schlecht,nützlivh,nützlich,nützlich,nützlich
290144,vorhin,zuvor,WORD,Vergangenheit,vorgegangenes,vergangenes,vorgegangen,Vorgegangenes
9489,Jude,WORD,Beschneidung,Drittes Reich,Bar Mizwa,Bar Mizwa,Bar Mitzwa,Bar Mizwa
385111,Bequemlichkeit,Ruhe,Gemütlichkeit,WORD,stressfrei,stressfrei,Bequemlichkeit,stressfrei
152992,exklusiv,Gold,glitzern,WORD,illustation,Illustation,Illustration,Illustration
46768,grundsätzlich,Politikerdeutsch,NA,WORD,sätzlich- bildlich,bildlich,satzlich,bildlich
104416,Synthesizer,Elektronische Musik,WORD,Verzerrung (Ton),Kraftwerk (Band),Kraftwerk,Kraftwerk,Kraftwerk (Band)
317561,Überzeugung,Translation,Google,WORD,Dolmentscher:in,Dolmetscher,Übersetzung,Dolmetscher:in
113802,Biochemie,Wissenschaft,WORD,NA,Chemic,chemic,Chemie,Chemie
385846,Priester,Kirche,WORD,Kutte,Zöllibat,Zölibat,Zölibat,Zölibat
349589,Vorlage,Papier,Bild,WORD,Anschaungsmaterial,Anschauungsmaterial,Vorlage,Anschaungsmaterial
181907,Versammlung,Meeting,WORD,Gruppe,Besprechemn,Besprechung,Besprechung,Besprechung
37730,Maß,Zahl,Bier,WORD,Enfernung,Entfernung,Entfernung,Entfernung
116083,Stil,Mode,Ästhetik,WORD,Frazu,Frau,"Frazu -> keine direkte Korrektur möglich Wahrscheinlich ist ""Frase"" oder ein ähnliches Wort gemeint, aber da ""Frazu"" nicht eindeutig einem deutschen Wort zugeordnet werden kann und es auch kein bekanntes deutsches Wort ist, müsste man es eigentlich als nicht korrigierbar einstufen. Allerdings könnte man es mit ""Phrase"" assoziieren und somit korrigieren. Korrigiert: Phrase",Frisur
150123,reichen,genug sein,WORD,NA,reich sek,reich sein,genug sein,reich sein
136418,Kroatien,Serbien,Belannte,WORD,Diese kleinen Dingsis (Chevapchichi),Cevapcici,Ćevapčići,Diese kleinen Dingsis (Cevapcici)
150072,Humanismus,WORD,John Locke,19.tes Jahrhundert,Transhumanisum,Transhumanismus,Transhumanismus,Transhumanismus
341960,Kessel,Kessel Buntes,WORD,Suppe,Einkesselung Kursk,Einkesselung Kursk,Einkesselung,Einkesselung Kursk
17423,Generation,WORD,Kinder,Oma,50+,50+,Generation,50+
17672,Vorteil,Nutzen,Nachteil,WORD,Eingenutz,Eigennutz,Nutzen,Eigennutzen
367617,Zugehörigkeit,WORD,Heimat,Volk,Famile,Familie,Familie,Familie
89556,Brettspiel,Schach,Dame,WORD,Mensch äerge dich nicht,Mensch ärgere dich nicht,"Mensch, ärgere dich nicht",Mensch ärgere dich nicht
328280,weil,Da,WORD,Begründen,Grubd,Grund,Da,Grund
310206,Redaktion,WORD,NA,NA,rédaction,rédaction,Redaktion,rédaction
146045,Schuh,gehen,Schuhgeschäft,WORD,viele schumodelle,Schuhmodelle,viele Schumodelle,viele Schuhmodelle
383465,Sahne,Süß,WORD,Weiß,cremig,cremig,cremig,cremig
399788,Kampf,Sport,WORD,Instinkt,Verteitigung,Verteidigung,Verteidigung,Verteidigung
67731,Zustimmung,Ja,Ablehnung,WORD,recth haben,recht haben,Recht haben,recht haben
291957,Mittagessen,Essen,WORD,Trinken,Z'mittag,Z'mittag,Zmittag,Zum Mittag
354732,Gemeinsamkeit,Partnerschaft,WORD,Verbindlichkeit,Seelenverwandte,Seelenverwandte,Seelenverwandtschaft,Seelenverwandte
298165,Schätzchen,Schatz,WORD,Sweetheart,mäusschen,Mäuschen,Schätzchen,Mäuschen
122304,Mainz,rheinisch gute Laune,Karneval,WORD,städte-rivalität,Städte-Rivalität,Städterivalität,Städterivalität
355253,einführen,anfangen,WORD,Geschlechtsverkehr,erlautern,erläutern,einführen,erläutern
214482,vorbei,aus,WORD,fahren,schön war's,schön war's,schön war's,schön war's
320320,zweiter,dritter,Podest,WORD,potenial,Potential,Potenzial,Potential
316715,Antike,WORD,Summit,alt,antique Shop,Antique Shop,antique Shop,antique Shop
249250,Henne,Ei,Hahn,WORD,Bauerhof,Bauernhof,Hof,Bauernhof
238766,Po,WORD,Italien,Backen,knackig,knackig,Knacken,WORD
102823,Justiz,Wahrheit,Waage,WORD,Gerechtigkeizt,Gerechhtigkeit,Gerechtigkeit,Gerechtigkeit
149534,Gitarre,Spanien,Liedbegleitung,WORD,Juan Diego Florez,Juan Diego Florez,WORD,Juan Diego Florez
398046,Kunde,König,WORD,Wunsch,ezahlt,bezahlt,bezahlt,bezahlt
350333,Apotheke,Medizin,WORD,Warteschlange,Apotherker,Apotheker,Apotheker,Apotheker
193718,Massage,rücken,haut,WORD,habd,Hand,Haut,Hand
160829,akribisch,Korintenkakker,WORD,zu genau,Kleingiester,Kleingeister,Kleingeister,Kleinigkeiten
107401,winken,Ade,Mainzelmännchen,WORD,aufwiedersehen,auf Wiedersehen,Auf Wiedersehen,Auf Wiedersehen
76782,Benennung,Wort,WORD,Sprache,Diagnostikverfahren,Diagnostikverfahren,Benennung,Diagnostikverfahren
342634,wahnsinnig,intelligent,WORD,spannend,gutaussehend,gutaussehend,attraktiv,gutaussehend
75061,positionieren,Stellung nehmen,WORD,Entscheidung,Klarkeit,Klarheit,Klarheit,Klarheit
321188,herausfinden,forschen,suchen,WORD,enträtseln,enträtseln,enträtseln,enträtseln
373955,schlichten,streit,WORD,Arbeitskampf,komtrahenten,Kontrahenten,Konflikten,Kontrahenten
10413,übernehmen,WORD,negativ,Überschätzung,zuviel,zu viel,zuviel -> übernehmen: überfordern oder 'zuviel' ist hier passend zu 'übernehmen' -> annehmen oder 'zuviel' -> 'übernehmen' passt 'annehmen' aber es gibt 'übernehmen' -> 'übernehmen' ; 'zuviel' -> übernehmen; über; über-; übernehmen; übernehm; übern; 'zuviel' passt am besten: übernehmen,zu viel
160235,Besonderheit,WORD,Egoismus,Individuum,herausstechen,herausstechen,Herausragend,herausstechen
137340,Bankkaufmann,oje...BWL,Anzug,WORD,"langweilig, komisch,",langweilig,"langweilig, komisch","langweilig, komisch,"
222166,aufgeben,WORD,NA,NA,gibts nicht,gibt's nicht,aufgeben,gibt's nicht
141462,Haut,Organ,WORD,Pflege,empfindlic,empfindlich,empfindlich,empfindlich
342494,Strick,Galgen,Knoten,WORD,(Boots-)Führerschein,Bootsführerschein,Führerschein,Bootsführerschein
184165,Schwimmbad,WORD,Menschen,Sommer,chlorgeruch,Chlorgeruch,Chlorgeruch,Chlorgeruch
224910,Kino,Film,Tarantino,WORD,Pulp fiction,Pulp fiction,Pulp Fiction,Pulp Fiction
123700,Trompete,Laut,WORD,Posaune,trööt,trööt,Tröten,tööt
242285,Jugendliche,Pubertät,Slang,WORD,das Erwachsenwerden,das Erwachsenwerden,Adoleszenz,das Erwachsenwerden
374921,Umfrage,WORD,Auswertung,Signifikanz,studiepark,Studiepark,Studie,Studienpark
195747,verwirklichen,Umsetzen,Traum,WORD,Plan /Idee,Plan,Plan/Idee,Plan
21620,hierfür,dafür,wofür,WORD,wobie,wobei,dafür,wobei
181517,gewiss,sicher,WORD,selbstsicher,betimmt,bestimmt,bestimmt,bestimmt
244984,Balkon,Pflanzen,Gepn,WORD,"Grün (2.Wort), Geländer",Geländer,Geländer,Grün
157104,Schlagzeug,Musik,laut,WORD,rhitmus,Rhythmus,Rhythmus,Rhythmus
281133,Sheriff,Stern,Mann,WORD,Law and Order,Law and Order,Law and Order,Law and Order
351979,nochmal,Wiederholung,WORD,ein weiteres Mal,immerwieder,immer wieder,ein weiteres Mal,immer wieder
25396,einigen,komprmisse,WORD,vertragen,debatieren,debattieren,vereinigen,debattieren
394139,Berührung,schön,WORD,gemeinsam,vertraur,vertrauen,Vertraut,Vertrauen
8785,haben,WORD,verlieren,habm,bestizen,besitzen,besitzen,besitzen
32300,verschieden,anders,WORD,auffällig,herausstechend,herausstechend,auffällig,herausstechend
19831,Differenzierung,Unterscheidung,WORD,Teilung,Zweiseitigkeit,Zweiseitigkeit,Zweiseitigkeit,Zweiseitigkeit
311532,fort,WORD,niewieder,trauer,wge,weg,Wort,weg
364501,DHL,WORD,Pakete,NA,ojeh,ohje,ojeh,Logistik
16345,Partner,WORD,Ehe,Wohnen,Gatte/ Gattin,Gatte,Gatte/Gattin,Gatte/ Gattin
136419,Signal,Main screen,Turn on,WORD,All your Base are belong to US,All your base are belong to us,"All your Base are belong to US -> keine Korrektur nötig, aber da es ein bekannter Satz ist, der oft als Beispiel für schlechtes Englisch verwendet wird, könnte man argumentieren, dass die korrigierte Version ""All your bases are belong to us"" wäre, aber nach den Regeln bleibt es ""All your Base are belong to US"" Die korrigierte Response ist: All your Base are belong to US",All your base are belong to us
183746,Seife,Waschen,Galle,WORD,wohlduftend,wohlduftend,duftend,wohlduftend
394010,Tabak,Rauchen,Lungenkrebs,WORD,Coffee and cigarettes,coffee and cigarettes,Kaffee und Zigaretten,Coffee and cigarettes
121034,herrschen,WORD,Besitzen,Entscheiden,Diktaktur,Diktatur,Diktatur,Diktatur
162988,Dill,Kräuter,Fisch,WORD,igitt,igitt,igitt,igitt
307109,auswählen,priorisieren,WORD,entscheiden,auserkohren,auserkoren,auserwählen,auserkoren
88946,stagnieren,Stillstand,WORD,Zwangspause,Unbeweglichkeit,Unbeweglichkeit,Stillstand,Unbeweglichkeit
143051,Benzol,WORD,Chemie,Gemisch,bezin,Benzin,Benzin,Benzin
258906,ruhig,Person,WORD,lautlos,Chrakter,Charakter,Charakter,Charakter
106650,Canapé,Sofa,WORD,Erholung,Brothappen,Brothappen,Canapé,Brot-Happen
291578,hilfsbereit,Menschen,Gute Eigenschaft,WORD,Spital/Pflegeberufe,Spital,Pflegeberufe,Spital
305106,Sonnenuntergang,orange,WORD,Abend,scshön,schön,schön,schön
324018,Ausbeutung,Sklaven,WORD,ungerecht,Minderbezahlung,Minderbezahlung,Ausbeutung,Minderbezahlung
286657,Story,WORD,Instagram,Geschichte,long Story short,long story short,Kurz und knapp,long story short
351477,Winkel,WORD,Kringwinkel (Laden),Werkzeug,90°,90°,90 Grad,90°
208050,ablehnen,Schmerzen,WORD,Angst,Furstartion,Frustration,Frustration,Frustration
150292,Prinz,Adel,Königshaus,WORD,männnlich,männlich,männlich,männlich
70071,Hebel,WORD,Gewicht,Hebelwirkung,Terassentüre,Terrassentüre,Hebel,Terrassentür
135868,Fenchel,Tee,WORD,Rezept,retept,Rezept,Rezept,Rezept
158231,Harfe,Musikinstrument,WORD,nervig,Dr. Amy Farrah Fowler,Dr. Amy Farrah Fowler,Dr. Amy Farrah Fowler,Dr. Amy Farrah Fowler
335667,WC,Toilette,Urinal,WORD,Scheißhaus,Scheißhaus,Toilette,Scheißhaus
32312,Titel,Thesen tempramente,Doktor,WORD,proffessor,Professor,Professor,Professor
395642,schwach,WORD,trainieren,besser werden,Schüler*in,Schüler,Schwäche,Schüler*in
174810,Lärm,nervig,WORD,Fußball,Konzentrationsprobläme,Konzentrationsprobleme,Konzentrationsprobleme,Konzentrationsprobleme
313237,fad,Suppe,WORD,Salz,langweillig,langweilig,langweilig,langweilig
305897,Glückwunsch,Gratulation,WORD,Erfolg,Gebirtstag,Geburtstag,Geburtstag,Geburtstag
258001,atmen,Lunge,Sauerstoff,WORD,Überlebenswichtig,überlebenswichtig,Überlebenswichtig,Überlebenswichtig
276686,Atom,WORD,Neuron,Proton,big bang,Big Bang,Big Bang,Big Bang
394720,Spinne,igittegitt,spinnen am Abend ist Quickend und labend.,WORD,Spinweb,Spinn­web,Spinwebe,Spinnennetz
176840,rufen,WORD,Hilfe,Hallo,Wüste (Rufer in der ...),Wüste,Rufer,Wüste
345480,damalig,Vergangenheit,WORD,Eltern,fruher,früher,früher,früher
143075,weglaufen,davonrennen,türmen,WORD,fleihen,fliehen,fliehen,fliehen
50136,eng,breit,lang,WORD,ausgewält,ausgewählt,englisch,ausgewählt
134784,Bleistift,Radiergummi,WORD,schule,kugellschreiber,Kugelschreiber,kugelschreiber,Kugelschreiber
104730,Gauß,Mathematik,WORD,Magdeburg,Verteilkurven,Verteilkurven,Verteilungskurve,Verteilkurven
367709,Wellness,WORD,Hygge,Entspannung,Spahotel,Spa-Hotel,Spahotel,Spahotel
282239,Sonnenbrille,WORD,Sommer,Optiker,Gorilla mit der Sonnenbrille (Kinderlied),Gorilla mit der Sonnenbrille,Gorilla mit der Sonnenbrille,Gorilla mit der Sonnenbrille (Kinderlied)
395893,uneigentlich,WORD,NA,NA,gibt es das Wort eigenlich,gibt es das Wort eigentlich,uneigentlich,gibt es das Wort eigentlich
182674,untereinander,stapel,oginization,WORD,hierchy,hierarchy,Hierarchie,Hierarchie
4782,abhängig,Drogen,WORD,Rauschgift,crystal meth,crystal meth,Drogen,crystal meth
151496,Souvenir,Made in China,WORD,billig,unbrachbar,unbrauchbar,unbrauchbar,unbrachbar
314629,beinhalten,Kreis,WORD,fassen,angehoren,angehören,enthalten,angehören
259005,Küste,Meer,WORD,Freiheit,Möbe,Möwe,Möbe -> Möbel,Möwe
91897,Egoist,Neoliberalismus,Ayn Rand,WORD,Nutzensmaximierung,Nutzenmaximierung,Nutzensmaximierung,Nutzmaximierung
396099,zuhören,Aufmerksamkeit,WORD,Augenkontakt,Zugewandheit,Zugewandtheit,Zugewandtheit,Zugewandtheit
122257,erblicken,entdecken,WORD,Moment,plötztlich,plötzlich,plötzlich,plötzlich
157435,Schlittschuh,Spezialschuh mit Kufen um auf dem Eis zu fahren,Eishockey,WORD,Art on ICE,Art on Ice,Eishockey,Kunstlauf
378497,Kalorien,Fettmacher,essen,WORD,Krankmacher,Krankmacher,Krankmacher,Krankmacher
293844,Eiffelturm,Paris,WORD,hoch,Tourist*innen,Tourist,Touristen,Tourist*innen
168805,Zepter,König,Kaiser,WORD,Zeremoniel,Zeremonie,Zeremonie,Zeremonie
295,Martin,Name,WORD,Martinskirche,Heilige Sant Martin,Heilige Sankt Martin,Heiliger Sankt Martin,Heiliger Sankt Martin
100819,meinungslos,WORD,egal,unbestimmt,stimmungsmachend,stimmungsmachend,gleichgültig,stimmungsmachend
216620,Pech,Unglück,WORD,Hilfe,Frau Holle,Frau Holle,Frau Holle,WORD
73377,Gin,Tonic,England,WORD,Coctail,Cocktail,Cocktail,Cocktail
46371,Hälfte,hunger,WORD,fehlt was,5o %,50%,50 %,50 %
94261,Lachs,WORD,Farbe,geräuchert,Meinl am Graben,Julius Meinl am Graben,Meinl am Graben,Meinl am Graben
230183,Erdbeben,Richterskala,WORD,Tsunami,rauslaufen,rauslaufen,evakuieren,nachbeben
392797,erzielen,erreichen,bewirken,WORD,hinstreben,hinstreben,hinstreben,hinstreben
114185,Salpetersäure,WORD,Essigsäure,Salz,Salezyt,Salezyt,Salpetersäure,Säure
