cue,n_corrected,n_raw
ARD,28,25
Abbau,18,15
Abbild,21,14
Abbildung,26,21
Abend,202,174
Abendessen,67,54
Abendkleid,14,12
Abenteuer,203,164
Abfall,135,106
Abgabe,38,36
Abgase,50,45
Abgeordnete,27,26
Abgrenzung,67,53
Abgrund,38,29
Abhang,6,4
Abhängigkeit,81,61
Abitur,154,136
Ablage,58,46
Ablauf,87,79
Ablehnung,79,70
Ablenkung,30,26
Abmachung,90,80
Absage,36,36
Absatz,47,45
Abschied,138,133
Abschluss,274,216
Abschnitt,76,75
Absender,17,12
Absicht,77,68
Absperrung,33,26
Absprache,46,39
Abstand,109,86
Abstimmung,72,65
Absturz,47,39
Abteil,19,15
Abteilung,33,30
Abwechslung,24,20
Abwehr,63,51
Abwesenheit,20,19
Abzieher,0,0
Achse,7,7
Achtsamkeit,50,41
Achtung,165,132
Acker,73,73
Addition,40,37
Adel,166,164
Ader,7,4
Adjektiv,62,49
Adler,36,30
Adrenalin,51,45
Adresse,140,113
Affe,139,111
Afghanistan,16,9
Afrika,550,449
Agent,54,46
Aggression,70,58
Ahle,1,1
Ahnen,35,35
Ahnung,52,47
Ahorn,30,23
Akademie,9,7
Akademiker,24,20
Akkordeon,17,14
Akten,83,67
Akteur,4,4
Aktie,25,20
Aktien,92,76
Aktion,126,109
Aktivierung,2,2
Aktivität,59,50
Akzent,36,24
Akzeptanz,66,49
Alarm,38,29
Album,31,25
Algerien,9,8
Alkohol,949,744
Allergie,59,49
Allgemeinbildung,8,8
Alltag,131,109
Alpen,109,92
Altblockflöte,0,0
Alter,579,576
Alternative,52,52
Altertum,31,27
Alzheimer,66,54
Amazon,73,53
Amboss,20,15
Ameise,27,20
Amerika,304,247
Amerikaner,12,9
Ampel,121,101
Amsel,34,25
Amt,274,233
Analyse,84,75
Anbau,23,19
Anden,38,33
Andenken,32,25
Andersdenkende,3,3
Anerkennung,133,116
Anfang,375,308
Anforderung,47,42
Anfrage,15,15
Anführer,26,20
Anführungszeichen,12,10
Angabe,39,32
Angaben,11,11
Angeber,79,66
Angebot,148,129
Angeklagter,28,28
Angela Merkel,36,32
Angelegenheit,17,17
Angesicht,2,1
Angestellter,42,40
Angriff,72,72
Angst,1322,1306
Anhang,22,18
Anhöhe,2,1
Anker,23,17
Anklage,52,51
Ankunft,38,31
Anlage,35,27
Anlass,53,43
Anlaufstelle,5,3
Anleitung,122,99
Anmeldung,17,14
Annahme,90,75
Anorak,11,7
Anordnung,27,24
Anrede,27,26
Anregung,7,5
Anrichte,10,10
Anruf,40,38
Ansatz,20,17
Anschaulichkeit,2,2
Anschluss,15,8
Anschrift,19,19
Ansicht,100,91
Anspannung,46,38
Ansporn,21,18
Anspruch,57,50
Anstalt,11,11
Anstand,73,72
Anstreicher,5,4
Anstrengen,1,1
Anstrengung,274,225
Anteil,66,63
Anteilnahme,29,26
Antike,64,64
Antipode,4,2
Antrag,47,39
Antrieb,62,61
Antwort,246,189
Anwalt,243,201
Anweisung,65,54
Anwendung,32,30
Anwesenheit,32,25
Anzahl,82,73
Anzeige,31,30
Anziehung,59,46
Anzug,401,327
Apfelsaft,25,14
Apotheke,85,73
Apotheker,4,2
Appetit,23,19
Applaus,105,87
April,54,46
Aprilscherz,5,4
Arbeit,3002,2412
Arbeiter,131,108
Arbeitgeber,67,54
Arbeitnehmer,36,28
Arbeitsgruppe,13,12
Arbeitsklima,3,2
Arbeitsplatz,56,53
Arbeitsplatzsicherheit,0,0
Arbeitsstelle,19,18
Architekt,50,40
Architektur,106,85
Archiv,23,21
Argentinien,12,4
Argument,116,96
Argumentation,36,33
Argumente,78,67
Aristokratie,8,7
Arm,180,180
Armee,191,155
Armut,346,280
Arroganz,60,49
Arsch,82,69
Arschloch,53,46
Art,144,125
Artikel,127,109
Artikulation,11,7
Artischocke,2,2
Arznei,28,26
Arzt,958,782
Arztbesuch,8,7
Asche,42,36
Asien,243,199
Aspekt,21,19
Asphalt,44,41
Assoziation,58,47
Ast,76,64
Asyl,57,42
Atem,37,32
Atmung,32,28
Atom,57,49
Aubergine,11,8
Aufbau,54,49
Aufbewahrung,45,31
Aufbruch,34,29
Aufenthalt,23,20
Auffassung,13,10
Aufführung,36,32
Aufgabe,481,410
Aufgang,4,4
Aufklärung,42,35
Auflage,9,9
Aufmachung,3,3
Aufmerksamkeit,199,165
Aufnahme,29,25
Aufregung,167,142
Aufsatz,97,84
Aufstand,36,36
Aufstieg,24,23
Auftakt,5,5
Auftrag,49,43
Auftritt,46,46
Aufwand,87,69
Aufzug,67,54
Aufzählung,35,32
Auge,322,273
Augen,445,357
Augenblick,59,50
Augenfarbe,7,6
August,27,26
Ausbau,8,8
Ausbeutung,52,47
Ausbildung,262,229
Ausblick,62,57
Ausdauer,138,112
Ausdruck,113,96
Auseinandersetzung,68,52
Ausfall,25,23
Ausflug,109,94
Ausfluss,4,2
Ausführung,30,24
Ausgabe,28,23
Ausgang,98,83
Ausgeglichenheit,24,23
Ausgleich,50,46
Ausgrenzung,30,26
Auskunft,37,35
Ausland,176,140
Ausländer,171,132
Ausmaß,21,11
Ausnahme,43,38
Ausrede,55,55
Ausrichtung,14,12
Aussage,90,89
Ausschuss,20,18
Aussehen,144,142
Aussicht,199,169
Aussprache,51,43
Ausstattung,9,9
Ausstellung,85,77
Ausstieg,14,14
Ausstrahlung,72,61
Austausch,136,113
Australien,101,81
Auswahl,242,195
Ausweg,24,22
Ausweis,84,64
Auswertung,29,23
Auswirkung,24,19
Auszeichnung,71,66
Ausübung,3,2
Auto,2466,1954
Autobahn,230,183
Autofahren,58,44
Autofahrer,7,7
Autor,148,135
Autorität,114,94
Autos,181,157
Autostopp,0,0
Axt,52,47
BH,56,48
BRD,25,23
BWL,31,30
Baby,607,486
Bach,108,98
Bachelor,39,29
Bad,139,116
Badeanzug,16,14
Badehose,11,8
Bademantel,4,3
Baden-Württemberg,37,30
Badewanne,56,44
Badezimmer,93,81
Bagger,37,37
Baguette,53,45
Bahn,235,235
Bahnhof,182,160
Bakterien,49,39
Balance,107,86
Balkon,62,50
Ball,335,269
Ballon,28,18
Baltikum,45,36
Banane,113,81
Band,193,193
Bande,20,17
Banjo,3,3
Bank,424,336
Bankangestellter,4,3
Banken,50,44
Bankkaufmann,0,0
Bar,92,91
Barock,28,27
Barriere,30,25
Barrikaden,2,2
Barsch,5,5
Bart,92,78
Base,30,25
Basel,86,65
Basis,112,91
Bass,27,21
Bassgeige,0,0
Bassgitarre,0,0
Bastard,0,0
Bau,163,139
Bauarbeiter,68,54
Bauch,199,174
Bauer,271,217
Bauernhof,210,175
Baum,933,756
Baumarkt,45,36
Baumwolle,38,32
Baustelle,266,227
Bayern,336,283
Beamer,27,24
Beamte,53,42
Beamter,69,58
Bearbeitung,11,9
Becher,38,28
Becken,29,24
Bedarf,27,27
Bedenken,19,19
Bedeutung,159,132
Bedienung,34,30
Bedingung,75,67
Bedrohung,53,45
Bedürfnis,64,50
Beerdigung,111,99
Beere,8,7
Beethoven,33,28
Befehl,155,134
Befreiung,24,17
Befriedigung,23,17
Begabung,39,32
Begegnung,34,30
Begeisterung,60,49
Begierde,17,13
Beginn,198,195
Begrenzung,50,39
Begriff,52,52
Begründung,85,77
Behandlung,39,34
Behinderung,115,95
Behörde,151,130
Beichte,16,16
Beifall,19,18
Beil,34,28
Bein,238,195
Beine,140,117
Beispiel,78,63
Beistelltisch,1,1
Beitrag,30,27
Bekannte,31,30
Bekanntschaft,23,18
Bekleidung,42,38
Belastung,50,43
Beleg,48,43
Belgien,49,38
Belletristik,12,11
Belohnung,66,50
Benennung,15,14
Benutzung,23,20
Benzin,143,113
Benzol,0,0
Beobachtung,32,26
Bequemlichkeit,27,25
Beratung,68,49
Bereich,69,57
Bereitschaft,23,20
Berg,649,547
Berge,425,423
Bericht,55,47
Berlin,345,291
Berliner,10,7
Bern,34,31
Beruf,839,685
Berufsausbildung,7,5
Berufsleben,9,8
Berufung,40,33
Berücksichtigung,2,1
Berührung,56,48
Bescheid,16,13
Beschleunigung,10,9
Beschluss,27,23
Beschreibung,104,85
Beschäftigung,40,38
Besen,140,111
Besitz,223,189
Besonderheit,43,38
Besorgnis,3,3
Besprechung,67,56
Besserwisser,44,32
Bestandteil,36,34
Besteck,95,82
Bestellung,42,39
Bestimmung,36,31
Bestätigung,65,47
Besuch,106,77
Besucher,12,12
Beteiligter,0,0
Beteiligung,21,20
Beton,89,89
Betrachtung,27,24
Betrag,26,22
Betreff,11,9
Betrieb,47,47
Betrug,147,144
Bett,745,610
Bettelmann,3,2
Bettler,45,31
Beurteilung,38,35
Beutel,52,52
Bevölkerung,49,43
Bewegung,355,289
Beweis,128,106
Bewerbung,141,118
Bewertung,123,105
Bewohner,19,16
Bewusstsein,65,48
Bezahlung,29,29
Bezeichnung,40,34
Beziehung,660,569
Beziehungen,51,42
Bezirk,30,19
Bezug,57,39
Bezugsperson,7,5
Bibel,263,233
Biber,5,4
Bibliothek,151,126
Biene,180,146
Bier,629,529
Bikini,44,34
Bilanz,14,12
Bild,735,607
Bilder,247,194
Bildschirm,50,44
Bildung,410,333
Bindeglied,1,1
Bindung,57,46
Bio,88,53
Biochemie,7,5
Biologe,3,3
Biologie,270,224
Birke,7,6
Birne,55,38
Bischof,8,7
Bitte,72,72
Blase,18,18
Blasinstrument,60,46
Blatt,216,173
Blaumann,48,31
Blazer,13,11
Blech,59,43
Bleistift,163,132
Blick,88,88
Blickfeld,2,2
Blickwinkel,46,42
Blitz,167,141
Block,35,34
Blockflöte,25,19
Blog,7,6
Blume,320,263
Blumen,509,413
Blumenbank,0,0
Blumenkohl,24,19
Bluse,42,36
Blut,528,408
Blutkreislauf,1,0
Blähungen,30,23
Blätter,185,181
Blödsinn,53,43
Blüte,32,27
Bob,9,6
Boden,272,224
Bogen,89,89
Bohne,21,16
Bohrer,40,33
Bohrmaschine,46,35
Bolivien,1,0
Bollerwagen,5,5
Bombe,67,57
Bonbon,23,17
Bongo,6,5
Bonn,17,16
Boot,379,308
Bord,1,1
Boss,65,53
Bote,43,36
Botschaft,45,40
Bouzouki,0,0
Box,67,50
Branche,3,3
Brandenburg,21,16
Brasilien,36,27
Bratsche,31,24
Braue,2,2
Braunbär,5,3
Braunkohl,2,1
Braunschweig,1,1
Brause,25,25
Braut,19,19
Brechbohnen,0,0
Brei,42,29
Breite,35,35
Bremen,12,10
Brett,83,64
Brettspiel,35,29
Brezel,33,25
Brief,658,562
Briefkasten,46,37
Briefmarke,59,51
Briefträger,32,28
Brille,348,285
Broccoli,6,5
Brom,1,1
Bronze,25,18
Brot,550,451
Bruch,121,98
Bruder,183,145
Brunnen,33,26
Brust,90,70
Brötchen,100,85
Brücke,115,87
Brüderlichkeit,29,24
Brühe,13,13
Brüssel,35,29
Buch,1353,1143
Buchmesse,9,8
Buchstabe,60,48
Buchstaben,103,78
Bucht,6,6
Buchweizen,0,0
Buddha,37,34
Buddhismus,45,41
Buffet,22,16
Bulgarien,7,6
Bulle,10,8
Bulli,4,3
Bund,69,61
Bundesland,118,97
Bundesliga,18,14
Bundesrat,27,24
Bundesregierung,12,9
Bundesrepublik,15,11
Bundestag,150,130
Bundeswehr,164,140
Bus,239,196
Busch,38,35
Busen,46,36
Business,83,64
Butler,28,24
Butter,62,60
Bäcker,63,53
Bär,92,76
Bäume,179,137
Börse,132,111
Bücher,456,384
Bücherei,15,12
Bücherregal,7,6
Bücherschrank,0,0
Bücherwurm,5,5
Büchner,4,4
Bügel,25,25
Bühne,261,223
Bündel,5,5
Bündnis,28,24
Bürger,77,63
Bürgermeister,47,42
Büro,449,375
Bürokratie,196,168
Bürste,41,38
C-Flöte,0,0
CD,49,38
CDU,86,70
CSU,13,12
Cambridge,15,10
Camping,47,36
Canapé,1,1
Cape,12,9
Carl,4,4
Cello,57,51
Celsius,39,28
Cembalo,6,4
Chaiselongue,3,2
Chance,214,184
Chaos,269,210
Charakter,269,221
Charaktereigenschaft,20,17
Charisma,35,31
Charme,26,23
Chef,560,456
Chemie,688,547
Chemikalien,10,9
Chemiker,6,5
Chicorée,1,1
Chile,27,17
Chili,35,32
China,187,144
Chinakohl,3,3
Chips,45,36
Chloroform,2,2
Chor,110,87
Chorleiter,1,1
Christ,33,24
Christentum,107,94
Christus,38,31
City,37,29
Clown,128,99
Club,68,50
Coca-Cola,1,1
Code,26,19
Cognac,3,3
Cola,77,64
Computer,970,798
Coronavirus,3,3
Couch,138,100
Couchtisch,4,3
Creme,39,39
DDR,260,224
DHL,40,32
DNA,58,50
Dach,198,165
Dachboden,47,38
Dachdecker,11,7
Dachgeschoss,3,2
Dame,92,75
Dampf,71,55
Dampfer,8,6
Dank,33,32
Dankbarkeit,53,45
Darm,40,36
Darstellung,80,69
Dasein,59,38
Date,84,69
Datei,33,29
Daten,225,187
Datum,93,72
Dauer,157,129
Daumen,46,40
Deal,33,23
Debatte,74,65
Decke,147,146
Deckel,62,51
Deckung,8,7
Defekt,25,24
Definition,80,68
Defizit,17,12
Dekoration,51,45
Delfin,11,10
Demenz,57,47
Demokratie,379,330
Demonstration,114,98
Demut,29,22
Denker,40,32
Depression,185,154
Design,93,76
Detail,57,48
Detektiv,126,93
Deutsch,342,338
Deutsche Bahn,41,39
Deutschland,1144,943
Deutschunterricht,72,62
Deutung,22,18
Dezember,35,27
Diagnose,36,31
Diagramm,60,48
Dialekt,101,85
Dialog,74,63
Dicke Bohnen,1,1
Dieb,236,199
Diebstahl,149,127
Diener,66,54
Dienst,64,63
Dienstag,36,30
Dienstleistung,47,41
Dienstleistungen,6,6
Diesel,25,20
Differenz,64,57
Differenzierung,20,15
Diktator,66,55
Diktatur,158,133
Dilemma,21,14
Dill,8,7
Dimension,8,7
Ding,183,161
Dinge,124,106
Diplom,56,46
Direktor,13,10
Dirigent,72,54
Dirndl,66,56
Disco,33,28
Diskriminierung,70,60
Diskurs,22,21
Diskus,9,8
Diskussion,525,432
Dissertation,20,20
Distanz,187,158
Disziplin,131,99
Diversität,33,27
Diwan,1,1
Diät,94,72
Doktor,126,108
Doktorarbeit,37,33
Dokument,138,118
Dokumentation,18,15
Dollar,35,31
Dom,68,57
Dominanz,25,18
Donner,102,89
Donnerstag,41,36
Dorf,165,134
Dortmund,8,7
Dose,80,64
Dosenöffner,4,2
Dozent,37,30
Drachen,21,20
Draisine,0,0
Drama,57,44
Dreck,355,276
Dreh,4,4
Drehbank,6,3
Drehbuch,13,12
Dreher,4,2
Dreieck,83,63
Dreirad,4,4
Dresden,23,21
Dressing,32,24
Drink,22,15
Drittel,5,4
Droge,40,29
Drogen,301,259
Drossel,26,24
Druck,243,243
Drucker,49,43
Dschungel,78,61
Dudelsack,10,7
Duden,116,98
Duft,219,179
Dummheit,94,76
Dummkopf,33,28
Dunkelheit,147,124
Durchführung,40,36
Durchhaltevermögen,53,44
Durchschnitt,86,64
Durst,161,127
Dusche,119,119
Dänemark,34,27
Dübel,33,25
Düsseldorf,21,20
E-Gitarre,9,7
E-Mail,79,77
E-Piano,1,1
EU,117,99
Ebene,71,71
Echtheit,6,5
Eckbank,1,1
Ecke,80,79
Eckschrank,0,0
Effekt,45,40
Effektivität,5,4
Effizienz,42,37
Ego,59,44
Egoismus,58,47
Egoist,24,20
Ehe,375,372
Ehefrau,46,36
Ehemann,78,64
Ehepartner,14,11
Ehering,18,18
Ehre,131,130
Ehrenamt,56,44
Ehrgeiz,131,106
Ehrlichkeit,98,80
Ei,173,138
Eichhörnchen,20,14
Eidechse,4,4
Eier,139,111
Eifer,14,14
Eifersucht,40,33
Eiffelturm,47,44
Eigenart,17,14
Eigeninitiative,12,9
Eigenschaft,161,132
Eigenschaften,39,37
Eigenständigkeit,15,11
Eigentum,157,138
Eile,65,64
Eimer,82,71
Einbruch,51,38
Eindruck,56,49
Einerseits,1,1
Einfall,69,63
Einfluss,89,70
Einfühlsamkeit,5,4
Einführung,25,20
Eingang,138,120
Eingebung,17,14
Einheit,141,112
Einigkeit,45,40
Einigung,65,55
Einkauf,176,146
Einkommen,80,65
Einkäufe,11,10
Einladung,55,46
Einleitung,26,22
Einnahme,16,15
Einrichtung,63,60
Einsamkeit,160,143
Einsatz,57,49
Einschränkung,86,74
Einschränkungen,10,8
Einschätzung,41,37
Einsicht,59,44
Einspruch,9,7
Einstein,93,74
Einstellung,74,66
Einstieg,5,4
Einteilung,38,38
Eintopf,73,61
Eintracht,13,9
Eintritt,32,32
Einverständnis,45,37
Einwanderer,17,15
Einwohner,53,49
Einzelnachweis,0,0
Einzelperson,4,4
Eis,520,412
Eisbär,27,22
Eisen,197,159
Eisenbahn,140,116
Ekel,98,98
Elch,25,21
Elefant,119,97
Eleganz,44,39
Elektriker,39,35
Elektrizität,110,91
Elektronik,58,48
Element,43,37
Elend,43,42
Elite,61,52
Ellenbogen,23,16
Eltern,765,633
Email,115,79
Emotion,169,133
Empathie,255,209
Empfindung,22,20
Empfänger,50,39
Ende,572,570
Endiviensalat,0,0
Energie,290,237
Engagement,99,90
Enge,74,74
Engel,129,103
England,289,221
Englisch,197,195
Engländer,8,6
Enkel,70,55
Enkelin,4,3
Enkelkinder,4,4
Ente,75,66
Entfernung,111,95
Entfremdung,4,3
Entscheidung,371,309
Entscheidungen,48,38
Entschluss,27,24
Entschuldigung,113,98
Entsorgung,12,11
Entspannung,417,365
Entstehung,12,12
Enttäuschung,146,111
Entwicklung,248,208
Entwicklungshilfe,5,4
Entwurf,48,42
Episode,6,5
Epoche,89,77
Erbe,98,98
Erbse,23,19
Erdbeben,40,31
Erde,559,558
Erdöl,25,22
Ereignis,176,141
Erfahrung,212,186
Erfinder,30,28
Erfindung,95,79
Erfolg,593,492
Erfüllung,64,54
Ergebnis,407,340
Erhalt,2,1
Erholung,158,131
Erinnerung,292,235
Erkenntnis,104,83
Erklärung,297,254
Erlaubnis,60,51
Erlebnis,72,62
Erleichterung,124,93
Erleuchtung,34,29
Erläuterung,29,26
Ermittlung,13,12
Erneuerung,32,28
Ernte,111,109
Ernährung,90,80
Erotik,66,51
Errungenschaft,6,4
Ersatz,41,35
Erscheinung,53,45
Ertrag,19,19
Erwachsene,20,20
Erwartung,112,97
Erweiterung,25,18
Erzieher,22,18
Erziehung,232,192
Erzählung,43,38
Eröffnung,7,6
Esel,62,49
Essig,44,35
Esstisch,11,8
Estland,44,37
Ethik,83,72
Eule,52,48
Euro,164,134
Europa,344,289
Euter,26,20
Event,81,72
Evolution,66,56
Ewigkeit,38,32
Examen,30,29
Excel,54,44
Existenz,59,51
Experiment,155,122
Experimente,29,24
Experte,48,43
Explosion,66,54
Export,42,33
FDP,35,27
Fabel,22,17
Facebook,78,58
Fach,45,44
Fachwissen,25,23
Faden,85,85
Fagott,4,2
Fahne,85,74
Fahrbahn,7,7
Fahrer,36,31
Fahrrad,511,417
Fahrradfahren,8,5
Fahrstuhl,38,34
Fahrt,37,36
Fahrzeug,152,129
Fairness,50,41
Fakt,77,69
Fakten,110,90
Faktor,19,18
Fall,126,101
Falle,38,38
Fallschirm,16,11
Familie,1865,1540
Familienangehörige,1,1
Familienfrieden,0,0
Familienglück,0,0
Familienleben,0,0
Familienmitglieder,1,1
Familienzusammenhalt,0,0
Family,1,1
Fan,19,17
Fanfare,4,4
Fang,6,5
Fanta,24,16
Fantasie,138,110
Farbe,758,614
Farben,281,230
Fasching,78,62
Faulheit,69,55
Faust,86,70
Fazit,60,46
Februar,37,35
Feder,95,95
Fee,31,26
Fehler,562,478
Feier,230,229
Feierabend,87,74
Feiertag,40,34
Feiertage,9,8
Feile,7,7
Feind,70,70
Feld,319,262
Fell,179,142
Felsen,44,38
Fenchel,2,1
Fenster,362,297
Ferien,409,337
Ferne,99,99
Fernglas,54,46
Fernrohr,9,7
Fernsehen,390,369
Fernseher,190,155
Fernsehsessel,0,0
Fernsehtisch,0,0
Fernweh,43,37
Ferse,7,5
Fest,218,217
Festland,1,0
Feucht,11,11
Feuer,627,619
Feuerwehr,126,110
Feuilleton,8,6
Fieber,83,73
Figur,99,80
Film,925,737
Finale,14,14
Finanzamt,63,51
Finanzen,122,106
Finanzierung,11,9
Finger,290,234
Fingerabdruck,12,12
Fingernagel,16,14
Fink,39,26
Finnland,37,29
Finsternis,9,5
Firma,345,293
Fisch,384,291
Fischer,30,24
Fitness,96,72
Flagge,101,99
Flamme,44,43
Flasche,142,118
Flecken,71,55
Fleisch,407,331
Fleischer,15,14
Fleiß,102,55
Fliege,56,55
Fliesen,26,22
Fließband,26,19
Floskel,18,16
Flotte,1,1
Floß,7,6
Flucht,165,163
Flug,47,36
Flughafen,102,86
Flugzeug,371,301
Flur,62,49
Fluss,703,524
Flut,54,40
Fläche,91,78
Flöte,50,48
Flüchtling,59,42
Flüchtlinge,94,77
Flügel,91,74
Flüssigkeit,85,67
Folge,124,124
Folter,35,35
Forderung,33,31
Form,137,115
Formeln,26,25
Formular,94,82
Formulierung,10,7
Forscher,48,48
Forschung,352,303
Fortbewegung,50,49
Fortbewegungsmittel,25,23
Fortbildung,40,36
Fortschritt,266,231
Foto,243,205
Fotografie,49,39
Fotos,117,98
Frack,30,24
Frage,257,256
Fragewort,4,4
Fragezeichen,75,60
Fraktion,8,7
Frank,2,0
Franken,25,21
Frankfurt,154,128
Frankfurter,6,5
Frankreich,346,298
Franz,40,30
Frau,1222,995
Frauen,316,261
Freibad,34,28
Freiheit,796,675
Freiheitsstatue,28,26
Freitag,35,25
Freizeit,474,406
Freizeitgestaltung,2,2
Fremde,48,47
Fremdsprache,115,95
Fremdwörter,8,6
Freud,50,43
Freude,1453,1184
Freund,463,457
Freunde,1369,1091
Freundeskreis,14,13
Freundin,188,147
Freundlichkeit,77,68
Freundschaft,520,440
Friede,40,32
Frieden,286,239
Friedhof,120,102
Friedrich,18,15
Friseur,77,65
Frist,32,30
Frisur,122,98
Frisör,17,16
Fritz,21,16
Frosch,54,41
Frost,30,24
Frucht,231,188
Frust,53,44
Fräse,0,0
Fräulein,12,11
Frühjahr,16,15
Frühling,351,278
Frühstück,211,172
Fuchs,102,84
Fuchsschwanz,5,3
Fundament,38,35
Funk,16,13
Funke,6,6
Funktion,46,37
Furcht,73,60
Futter,45,45
Fuß,331,181
Fußball,1061,539
Fußbank,0,0
Fußboden,21,17
Fußgänger,37,22
Fußgängerüberweg,5,4
Fächer,16,16
Fähigkeit,121,103
Fähre,28,26
Fälschung,39,33
Förderung,27,24
Führer,54,44
Führerschein,77,62
Führung,97,79
Fülle,30,29
Füller,68,55
Fürsorge,97,77
Füße,107,65
Gabe,59,46
Gabel,110,108
Galerie,19,17
Galle,9,7
Gambe,1,1
Gang,77,64
Gans,42,37
Ganzes,51,50
Garderobe,35,27
Garderobenhaken,0,0
Gardine,18,14
Garten,698,561
Gartenstuhl,1,1
Gas,98,78
Gasse,32,26
Gast,83,65
Gauner,29,23
Gauß,6,5
Gebet,44,38
Gebiet,97,78
Gebirge,97,80
Geborgenheit,256,208
Gebot,25,24
Gebrauch,69,57
Gebräuche,7,6
Geburt,189,155
Geburtsland,2,1
Geburtstag,529,456
Geburtstage,10,8
Gebäck,57,52
Gebäude,269,230
Gedanke,137,122
Gedanken,317,266
Gedankengut,1,1
Gedenken,9,8
Gedicht,151,119
Geduld,136,104
Gedächtnis,141,111
Gefahr,758,620
Gefährte,14,13
Gefängnis,550,431
Gefäß,53,30
Gefühl,609,495
Gefühle,245,200
Gegend,35,30
Gegenleistung,7,5
Gegensatz,45,39
Gegenstand,203,173
Gegensätze,10,9
Gegenteil,66,51
Gegenwart,73,64
Gegenwehr,7,7
Gegner,98,84
Gehalt,184,153
Geheimnis,263,214
Gehhilfe,20,17
Gehirn,350,277
Gehorsam,46,45
Geige,237,234
Geist,264,220
Geiz,33,32
Gelassenheit,48,37
Geld,4596,3739
Geldmittel,3,3
Geldsegen,0,0
Gelegenheit,49,41
Gelenk,78,61
Gelenke,11,9
Gelächter,8,5
Gelände,19,18
Gemeinde,89,75
Gemeinderat,9,8
Gemeinschaft,484,408
Gemälde,144,119
Gemüse,1167,922
Gemütlichkeit,95,79
Genauigkeit,130,111
Gene,43,35
General,23,19
Generation,36,28
Genetik,49,45
Genick,0,0
Genie,70,59
Gentleman,31,27
Genuss,161,115
Geometrie,168,142
Georg,13,12
Gepard,16,15
Gerechtigkeit,234,198
Gerede,22,19
Gerhard,14,13
Gericht,1021,877
Gerste,18,13
Geruch,375,296
Gerät,101,99
Geräusch,149,115
Gerüst,48,42
Gesamtheit,25,23
Gesang,132,105
Geschehnis,14,10
Geschenk,564,456
Geschichte,774,651
Geschirr,163,133
Geschirrschrank,0,0
Geschlecht,155,133
Geschmack,193,149
Geschrei,32,26
Geschwafel,6,5
Geschwindigkeit,161,125
Geschwister,125,106
Geschäftsführer,4,4
Geselligkeit,51,46
Gesellschaft,489,406
Gesetz,496,408
Gesetze,98,82
Gesetzgeber,3,3
Gesicht,442,367
Gespenst,67,59
Gespräch,406,345
Gestalt,20,19
Gestaltung,21,18
Gestank,243,195
Geste,30,23
Gesundheit,514,430
Getreide,239,197
Getränk,264,214
Gewalt,595,498
Gewehr,159,133
Geweih,63,54
Gewerkschaft,68,53
Gewicht,290,231
Gewinn,390,323
Gewinner,110,97
Gewissen,67,67
Gewissensbisse,4,3
Gewitter,157,134
Gewohnheit,66,55
Gewürz,140,109
Gier,68,68
Gift,117,89
Gin,11,9
Gipfel,43,41
Giraffe,22,20
Gitarre,217,168
Gitter,77,65
Glanz,62,53
Glas,591,466
Glatze,55,47
Glaube,324,319
Gleichberechtigung,49,46
Gleichgewicht,94,70
Gleichheit,94,79
Gliederung,30,25
Glitzer,57,45
Global,6,6
Globus,49,45
Glocke,56,42
Glockenspiel,3,3
Glut,30,24
Glück,795,630
Glückwunsch,7,6
Glühbirne,70,58
Goethe,136,115
Gokart,0,0
Gold,515,346
Google,47,45
Gorilla,19,11
Gott,631,535
Gottesdienst,34,33
Grab,83,63
Grad,74,53
Graf,37,31
Grafik,42,39
Grammatik,262,213
Gras,205,164
Graz,2,2
Grenze,327,325
Grenzen,98,97
Griechenland,144,121
Griff,34,34
Grippe,40,33
Großbritannien,55,38
Großeltern,206,100
Großmutter,111,37
Großstadt,112,87
Großvater,59,27
Grube,32,24
Grund,290,240
Grundgesetz,50,43
Grundlage,98,85
Grundschule,71,59
Grundstück,34,25
Gruppe,675,567
Gruppenzwang,11,10
Grönland,1,1
Größe,211,141
Gründung,4,4
Grüne,26,26
Grüner Salat,0,0
Grünkohl,32,23
Gummi,88,74
Gurke,59,50
Gymnasium,65,54
Gärtner,7,5
Göttingen,8,7
Gürtel,40,30
Güte,38,30
HIV,19,16
Haar,99,83
Haare,717,583
Hafen,93,74
Hafer,34,27
Haft,34,27
Haftung,11,9
Hahn,60,50
Hai,22,12
Haken,39,38
Halle,41,40
Halloween,107,90
Hals,174,134
Halstuch,11,9
Haltbarkeit,15,10
Haltung,88,74
Hamburg,82,68
Hamburger,9,7
Hammer,358,277
Hammondorgel,0,0
Hand,471,393
Handbuch,9,8
Handel,140,139
Handfläche,4,4
Handlung,97,84
Handschlag,52,45
Handschrift,24,19
Handschuh,20,14
Handschuhe,33,27
Handtuch,57,44
Handwerk,423,345
Handwerker,363,295
Handy,331,249
Hannover,30,25
Hans,45,42
Hardware,27,24
Harfe,21,15
Harke,10,10
Harmonie,125,102
Harmonium,0,0
Harry Potter,90,75
Hase,162,134
Hass,149,111
Haufen,37,30
Hauptstadt,157,135
Haus,1471,1178
Hausarbeit,94,80
Hausaufgaben,87,75
Hausbau,57,45
Hause,10,10
Hausfrau,24,20
Haushalt,103,88
Haustier,89,69
Haustür,41,35
Haut,244,243
Hebel,12,12
Hecht,1,1
Heft,68,55
Heidelberg,28,24
Heiligenbild,4,2
Heilung,87,71
Heim,99,98
Heimat,466,407
Heinrich,9,8
Heinz,13,10
Heirat,96,85
Heizung,88,69
Heizöl,3,3
Hektik,69,58
Held,68,48
Helfer,71,54
Helm,145,111
Helmut,20,15
Hemd,203,166
Henne,38,30
Herausforderung,158,128
Herausgeber,3,3
Herbst,381,378
Herd,78,65
Herde,53,43
Herkunft,163,140
Hermann,0,0
Herr,95,82
Herr der Ringe,28,27
Herrschaft,64,53
Herrscher,79,68
Hersteller,5,4
Herstellung,39,32
Herz,323,249
Herzblut,3,3
Herzklopfen,39,30
Herzog,8,7
Hessen,37,32
Heu,74,66
Hexe,87,87
Hierarchie,147,116
Hilfe,1119,925
Hilfestellung,34,31
Hilflosigkeit,48,43
Hilfsbereitschaft,38,33
Hilfsmittel,41,34
Himbeersaft,0,0
Himmel,512,421
Himmelsrichtung,93,84
Hinblick,4,3
Hindernis,146,115
Hingabe,46,32
Hinleitung,0,1
Hinsicht,5,5
Hintergrund,76,60
Hintern,68,64
Hinweis,138,118
Hippie,39,28
Hirn,48,36
Hirsch,83,67
Hirse,4,4
Hitler,233,188
Hitze,322,258
Hobbies,11,14
Hobby,215,178
Hobbys,15,7
Hobel,33,33
Hochbett,1,0
Hochdeutsch,11,11
Hochhaus,94,77
Hochschule,77,66
Hochwasser,32,25
Hochzeit,356,287
Hocker,22,16
Hof,46,38
Hoffnung,311,268
Hoheit,13,9
Hohn,24,16
Holland,56,45
Hollywood,65,53
Holocaust,40,36
Holz,1308,1302
Honig,88,71
Horizont,108,85
Horn,44,35
Horror,64,49
Hose,371,299
Hosenträger,4,2
Hotel,166,134
Hubschrauber,6,5
Huhn,130,108
Humanismus,15,12
Humanität,16,11
Humor,86,65
Hund,1001,823
Hunger,307,305
Hut,266,220
Hygiene,72,59
Hypothese,47,43
Hälfte,29,22
Hände,215,184
Händler,28,22
Hängeschrank,1,1
Höflichkeit,108,87
Höhe,165,137
Höhepunkt,7,7
Höhle,77,63
Hölle,80,66
Hüfte,28,22
Hügel,107,89
Hülle,32,31
Hürde,54,46
IQ,54,43
Ich,202,201
Ideal,32,32
Idee,553,479
Ideen,92,73
Identität,85,72
Idiot,119,99
Igel,16,16
Ignoranz,36,29
Ikea,132,98
Illusion,63,54
Illustration,11,9
Impfung,48,38
Implementation,3,3
Import,33,23
Impuls,24,19
Indien,103,82
Individualität,30,25
Individuum,64,54
Indonesien,2,1
Industrie,103,93
Information,311,260
Informationen,144,126
Ingenieur,52,44
Ingwer,11,11
Inhalt,178,152
Initiative,28,21
Innenstadt,33,29
Innerer,1,1
Innovation,48,36
Insekt,134,116
Insel,214,178
Inspiration,31,27
Installateur,18,13
Institut,25,19
Institution,53,38
Instrument,724,573
Integration,40,30
Intelligenz,279,217
Intercity,1,1
Interesse,191,151
Internet,678,543
Interpretation,56,50
Interview,16,15
Investition,14,10
Irak,31,23
Iran,23,21
Iris,23,20
Irland,34,27
Irre,17,17
Irrtum,38,33
Islam,145,126
Island,12,7
Israel,44,35
Italien,306,249
Jack,8,7
Jacke,252,197
Jackett,7,6
Jagd,108,93
Jahr,140,120
Jahre,70,47
Jahreszeit,56,46
Jahrhundert,18,12
James Bond,33,28
Januar,23,21
Japan,61,45
Jauche,5,4
Jazz,56,40
Jeans,80,70
Jenseits,16,16
Jesus,311,249
Job,391,307
Joghurt,33,26
Johannes,11,10
John,3,3
Josef,29,26
Journal,12,10
Journalismus,46,40
Journalist,47,38
Jude,8,8
Jugend,230,188
Jugendliche,72,69
Juli,37,32
Junge,113,113
Jungfrau,20,16
Juni,34,29
Jura,131,119
Jurist,49,42
Justiz,96,86
Jäger,97,77
Jürgen,7,5
KI,25,25
Kabel,147,126
Kabinett,10,9
Kaffee,327,276
Kafka,70,54
Kahn,6,4
Kaiser,126,113
Kakao,29,26
Kalender,167,133
Kalorien,51,42
Kamel,28,21
Kamera,195,159
Kamerad,12,11
Kamin,82,67
Kamm,51,44
Kammer,20,17
Kampf,325,260
Kanada,56,48
Kanal,36,29
Kandidat,11,9
Kaninchen,52,34
Kant,60,49
Kante,33,33
Kanton,28,22
Kanu,28,26
Kanzler,61,48
Kap,7,7
Kapazität,8,6
Kapital,44,42
Kapitalismus,171,143
Kapitel,26,21
Kapitulation,7,7
Kapitän,39,32
Kappe,24,21
Karl,95,83
Karneval,148,125
Karo,21,15
Karotte,72,60
Karren,4,4
Karriere,177,154
Karte,202,171
Kartenspiel,34,28
Kartoffel,98,80
Karton,109,92
Kasachstan,5,2
Kasse,101,87
Kasten,53,39
Kasus,13,2
Katalog,26,22
Katastrophe,129,106
Kategorie,37,33
Kater,49,36
Katholik,5,2
Katze,461,375
Kauf,29,28
Kaufhaus,59,50
Kaufmann,11,8
Kehle,2,2
Kelle,24,20
Keller,166,138
Kellner,65,58
Kenia,4,3
Kenntnis,36,29
Kenntnisse,23,18
Kennzeichen,24,22
Kerl,20,18
Kern,52,47
Kernaussage,4,3
Kerze,90,74
Kessel,13,13
Kette,96,96
Keyboard,24,16
Kfz-Mechaniker,1,1
Kiefer,11,7
Kiel,13,10
Killer,8,3
Kilometer,56,46
Kind,1433,1167
Kinder,1823,1466
Kindergarten,174,147
Kinderwagen,15,15
Kindheit,475,373
Kinn,5,4
Kino,282,237
Kiosk,19,16
Kirche,1538,1262
Kirsche,21,20
Kirschsaft,0,0
Kissen,130,104
Kiste,108,84
Kitsch,52,38
Kittel,84,74
Klammer,14,12
Klamotten,119,101
Klang,121,120
Klappe,15,15
Klarheit,106,78
Klarinette,37,28
Klasse,105,105
Klassik,112,83
Klaue,4,4
Klaus,20,17
Klausur,108,89
Klavier,294,242
Kleber,59,50
Kleid,280,230
Kleider,335,251
Kleiderschrank,26,22
Kleidung,926,755
Kleidungsstück,71,55
Kleinigkeit,28,24
Kleinkind,67,57
Klempner,52,34
Klima,112,89
Klimawandel,77,67
Klinge,16,16
Klingel,44,44
Klinik,39,32
Klinke,10,10
Klischee,28,24
Klo,99,82
Kloster,83,69
Klugheit,28,22
Knall,43,42
Knarre,1,1
Knast,67,51
Knecht,19,15
Kneifzange,3,3
Kneipe,68,58
Knie,99,98
Knochen,154,133
Knolle,37,30
Knoten,74,74
Knotenpunkt,4,3
Koalition,20,17
Koblenz,6,4
Koch,40,40
Koffer,109,90
Kohl,117,90
Kohle,90,74
Kohlensäure,42,28
Kohlrabi,5,4
Kollege,73,59
Kollegen,138,123
Kombination,19,15
Kombinatorik,2,2
Kombizange,0,0
Komfort,32,27
Komma,113,87
Kommission,10,8
Kommode,31,21
Kommune,21,18
Kommunikation,365,303
Kommunismus,107,88
Kompass,82,70
Kompetenz,59,51
Komponente,6,5
Kompromiss,193,153
Kondom,66,55
Konferenz,54,49
Konflikt,199,160
Kongo,2,1
Kongress,12,12
Konkurrenz,54,43
Konsens,44,36
Konsequenz,108,95
Konstitution,3,2
Konsum,109,93
Kontakt,130,104
Kontext,29,23
Kontinent,139,120
Kontinente,9,8
Konto,113,91
Kontrabass,35,30
Kontrolle,236,192
Kontroverse,6,5
Konzentration,105,92
Konzept,48,38
Konzeption,2,1
Konzern,15,13
Konzert,373,307
Kooperation,52,42
Kopf,556,452
Kopfbedeckung,32,27
Kopfkino,8,5
Kopfkissen,9,8
Kopfsache,6,4
Kopfsalat,5,2
Kopfschmerzen,48,36
Kopftuch,53,40
Kopie,51,39
Korb,42,33
Korn,99,81
Korrektur,46,37
Korruption,58,46
Kosmetik,36,31
Kostüm,76,61
Kot,43,38
Krach,87,66
Kraft,384,382
Kragen,42,32
Kralle,11,11
Kran,43,35
Kranich,3,3
Krankenhaus,421,367
Krankenkasse,27,21
Krankenschwester,28,21
Krankenwagen,43,37
Krankheit,985,832
Kraut,42,27
Krawatte,107,83
Kreativität,199,160
Krebs,115,91
Kredit,63,58
Kreide,37,37
Kreis,307,252
Kreisel,18,18
Kreissäge,6,4
Kresse,0,0
Kreuz,153,122
Kreuzschlitz,8,4
Krieg,1391,1382
Krimi,213,178
Kriminalität,78,66
Krise,132,117
Kriterium,8,7
Kritik,127,105
Kroatien,22,15
Krokodil,37,35
Krokus,5,4
Krone,126,108
Krähe,5,4
Kräuter,102,88
Krücke,44,38
Kuba,22,19
Kuchen,530,449
Kuckuck,9,6
Kugel,94,94
Kugelschreiber,38,25
Kuh,327,251
Kultur,356,287
Kummer,63,52
Kumpel,46,40
Kunde,27,24
Kunst,825,692
Kurs,72,62
Kurve,53,53
Kurzschluss,8,7
Kuss,88,65
Kutsche,34,30
Käfer,65,54
Käfig,74,61
Kälte,268,221
Kämpfen,14,12
Känguru,35,23
Käse,270,219
Köln,82,71
König,646,525
Königreich,38,32
Körper,554,452
Körperteil,110,91
Küche,480,400
Küchenschrank,3,2
Kühe,113,97
Kühlschrank,92,74
Künstler,168,132
Kürbis,42,31
Küste,35,28
Labor,236,195
Labyrinth,29,23
Lachs,25,18
Ladung,17,15
Lady,9,6
Lage,76,67
Lagebericht,1,1
Lager,66,66
Lagerfeld,9,6
Lagerfeuer,42,34
Lampe,189,147
Lampenfieber,34,33
Land,1054,863
Landesgrenze,3,2
Landeshauptstadt Bayern,0,0
Landesregierung,1,1
Landkarte,49,40
Landkreis,7,7
Landschaft,253,214
Landtag,6,5
Landwirt,23,19
Landwirtschaft,126,108
Langeweile,293,221
Lappen,65,47
Laptop,104,82
Last,104,104
Laster,25,21
Lastwagen,41,34
Latein,113,79
Latzhose,20,17
Laub,74,62
Lauch,37,24
Lauf,32,32
Laufsteg,21,18
Lauge,22,22
Laune,85,71
Laus,6,5
Laute,9,9
Lautstärke,43,38
Leben,942,935
Lebensabschnitt,24,21
Lebensfreude,34,26
Lebensgefühl,11,8
Lebenslauf,82,73
Lebensmittel,227,194
Lebenspartner,12,9
Lebensstandard,7,6
Lebensumstände,5,4
Lebensunterhalt,8,8
Leber,45,36
Lebewesen,73,64
Leder,153,119
Leere,82,82
Leerstelle,3,3
Lego,41,30
Lehm,12,11
Lehre,126,123
Lehrer,624,511
Lehrerin,48,43
Lehrling,27,19
Lehrstelle,4,3
Leiche,73,61
Leichtigkeit,58,49
Leid,207,207
Leidenschaft,165,141
Leine,53,47
Leinwand,56,51
Leipzig,31,26
Leistung,400,345
Leiter,150,121
Leitung,126,101
Lemma,3,3
Lenker,26,21
Lenkrad,52,44
Leopard,15,13
Leser,6,5
Lettland,57,48
Leute,199,157
Level,43,36
Lexikon,129,102
Licht,520,518
Liebe,1804,1798
Liebesbeziehung,5,4
Liebling,15,12
Lied,202,157
Liege,24,24
Liegestuhl,21,18
Lifestyle,12,9
Lift,80,67
Liga,3,3
Likör,4,3
Limit,36,28
Limonade,31,27
Lineal,74,63
Linguistik,40,34
Linie,162,126
Link,29,14
Linse,37,31
Linsen,31,20
Linz,3,3
Lippe,10,7
Lippenstift,48,41
Liste,125,124
Litauen,44,32
Liter,9,7
Literatur,225,197
Lkw,26,13
Lob,132,107
Lobby,13,13
Loch,269,213
Logik,128,106
Logo,8,6
Lohn,213,180
Lokführer,3,3
Lokomotive,37,28
London,111,88
Lord,8,8
Los,32,27
Los Angeles,7,7
Lotto,110,98
Loyalität,41,32
Luchs,3,3
Ludwig,7,6
Luft,496,376
Luftverschmutzung,10,9
Luke,8,7
Lunge,98,82
Lupe,111,91
Lust,163,129
Luxemburg,1,1
Luxus,155,126
Lymphe,0,0
Lyrik,44,37
Länder,128,108
Ländergrenzen,3,3
Länge,141,117
Lärm,358,300
Löffel,108,104
Lösung,351,296
Lötkolben,0,0
Löwe,135,111
Löwenzahn,32,29
Lücke,66,57
Lüge,179,175
Lügner,17,14
Machbarkeit,5,3
Macht,626,617
Mafia,33,24
Magazin,66,50
Magd,18,16
Magen,62,51
Magie,137,110
Magier,30,26
Magnet,60,50
Mahlzeit,65,55
Mai,74,61
Mail,49,41
Main,50,47
Mainz,18,17
Mais,63,54
Majestät,7,6
Major,8,7
Makel,13,11
Maler,138,114
Malerei,64,56
Mama,218,173
Management,39,30
Manager,51,44
Mandoline,0,0
Manege,18,12
Mangel,104,104
Mango,6,5
Mangold,1,1
Manieren,44,30
Manipulation,54,49
Mann,1260,1023
Mannheim,16,11
Mannheimer,0,0
Mannschaft,87,73
Mantel,185,149
Manuskript,7,5
Mappe,24,18
Marathon,50,38
Marge,1,1
Maria,88,70
Mark,21,15
Marke,55,43
Marketing,38,30
Markt,184,146
Marokko,35,26
Martin,14,11
Marx,51,46
Maschine,205,173
Maske,103,87
Massage,74,58
Masse,166,139
Material,135,119
Materie,23,20
Mathe,569,442
Mathematik,836,728
Matratze,33,27
Mauer,180,179
Maul,20,18
Maulschlüssel,5,2
Maultrommel,3,2
Maulwurf,15,12
Maurer,62,49
Maus,168,142
Max,55,41
Maximierung,3,2
Maximum,52,32
Maß,67,67
Maßnahme,22,15
Mechanik,53,43
Mechaniker,42,37
Medaille,109,77
Mediation,21,14
Mediator,12,11
Medien,152,126
Medikament,144,124
Medikamente,134,117
Meditation,86,73
Medium,19,15
Medizin,413,338
Mediziner,3,3
Meer,1427,1155
Meerschweinchen,12,10
Meeting,132,112
Mehl,212,178
Mehrheit,47,36
Meilen,5,4
Meinung,589,496
Meinungsfreiheit,20,17
Meinungsäußerung,12,6
Meister,65,55
Meisterschaft,5,4
Meißel,6,6
Melodica,0,0
Melodie,93,80
Melone,17,12
Menge,337,336
Mensa,31,28
Mensch,863,687
Menschen,1271,1044
Menschenmenge,77,65
Menschenrecht,24,19
Menschheit,39,33
Menschlichkeit,87,69
Menü,18,15
Merkel,133,118
Merkmal,72,61
Messe,49,48
Messer,461,380
Metaebene,2,2
Metal,43,37
Metall,606,493
Metamorphose,22,20
Meter,86,64
Methanol,1,0
Methode,49,42
Methoden,8,7
Metro,17,15
Metzger,42,33
Mexiko,19,16
Michael,18,16
Mieder,4,3
Miete,45,45
Migration,50,43
Migrationshintergrund,9,7
Mikrofon,30,26
Milch,447,350
Milieu,11,5
Militär,432,364
Milliarde,6,6
Million,16,15
Millionen,12,10
Millionär,22,19
Mimik,43,42
Minderheit,42,31
Mine,28,21
Mineralwasser,28,21
Minimum,48,32
Minister,36,32
Ministerpräsident,6,5
Minute,75,60
Mischung,33,25
Missbrauch,43,42
Mission,14,13
Misstrauen,37,37
Mist,87,65
Mitarbeiter,90,78
Mitgefühl,113,99
Mitglied,33,28
Mitleid,82,64
Mitmenschen,37,35
Mitspracherecht,3,2
Mittag,40,32
Mittagessen,42,38
Mitte,137,106
Mittel,64,62
Mittelalter,356,286
Mittelmeer,61,50
Mittelpunkt,65,55
Mittwoch,30,23
Mix,13,10
Mobbing,86,67
Mobilität,37,32
Modalverb,5,4
Mode,456,377
Model,67,58
Modell,50,45
Mofa,30,25
Mokick,0,0
Moment,109,96
Monarchie,74,62
Monat,262,234
Mond,216,173
Mongolei,5,3
Monolog,18,14
Monster,40,33
Montag,62,50
Moor,34,29
Moped,21,14
Moral,178,142
Mord,315,243
Morgen,153,151
Moritz,39,34
Moskau,28,22
Motiv,31,27
Motivation,227,189
Motor,153,123
Motorrad,102,76
Motorroller,18,12
Motto,9,8
Mozart,100,86
Multiplikation,34,27
Mund,386,310
Mundharmonika,20,16
Mundorgel,0,0
Museum,242,196
Musical,29,24
Musik,3088,2455
Musiker,52,40
Musikinstrument,169,146
Muskel,69,61
Muskeln,171,126
Muster,118,117
Mutter,711,586
Muttersprache,37,30
Muttertag,5,3
Mutti,20,17
Mädchen,300,254
Mädel,3,3
Mähne,35,31
Männer,258,209
Männername,36,34
Märchen,353,291
März,40,34
Märzenbecher,1,1
Möbel,373,314
Möbelstück,36,27
Möglichkeit,227,198
Möglichkeiten,123,106
Möhre,42,34
Mönch,66,52
Mörder,108,86
Mörtel,36,30
Mücke,48,40
Müdigkeit,52,42
Mühe,99,96
Mühle,52,38
Müll,351,277
Müller,55,47
München,123,96
Münchner,2,0
Münster,31,26
Münze,48,45
Müsli,39,32
Mütze,160,129
Nabel,8,6
Nachbar,107,91
Nachbarland,26,24
Nachbarn,78,62
Nachbarschaft,28,24
Nachfolger,4,2
Nachfrage,40,38
Nachhaltigkeit,38,36
Nachmittag,22,17
Nachname,106,95
Nachricht,182,146
Nachrichten,265,221
Nachsicht,29,28
Nacht,512,421
Nachteil,64,49
Nachthemd,7,2
Nachttisch,10,8
Nachweis,38,29
Nadel,162,145
Nagel,151,151
Nahrung,163,142
Nahrungsaufnahme,2,2
Nahrungsmittel,53,44
Name,824,707
Narbe,19,18
Narkose,32,22
Nase,296,243
Nashorn,9,9
Nation,82,76
Nationalität,41,34
Nationalsozialismus,58,51
Nationalstolz,5,3
Natur,1017,828
Naturwissenschaft,39,36
Nazi,83,63
Nebel,124,108
Neckar,29,25
Neid,91,75
Neigung,24,20
Nerven,56,55
Nervosität,87,73
Nest,63,49
Netz,115,91
Netzwerk,69,60
Neuanfang,100,79
Neubau,8,7
Neubrandenburg,0,0
Neugier,199,155
Neugierde,51,39
Neuigkeit,33,24
Neuseeland,13,10
Neuwied,0,0
Neuzeit,6,4
New York,132,96
Nicki,1,1
Niederlage,65,58
Niederlande,44,40
Niere,28,24
Nirvana,6,5
Nirwana,4,2
Nische,5,4
Niveau,56,44
Nomen,54,43
Nonne,54,48
Nord,76,58
Nordafrika,26,22
Norden,250,210
Nordkorea,41,36
Nordsee,55,44
Norm,82,74
Normalbürger,1,1
Norwegen,54,47
Nostalgie,32,27
Not,219,180
Notar,38,30
Note,212,185
Noten,291,237
Notfall,75,69
Notiz,48,38
Notwendigkeit,77,67
November,50,40
Nuance,4,3
Nudeln,73,58
Nummer,139,117
Nutzung,23,21
Nächstenliebe,50,40
Nähe,218,214
Nürnberg,16,16
Nürnberger,4,3
Obama,65,47
Obdachlose,6,6
Oberfläche,79,66
Oberhemd,0,0
Oberschenkel,5,5
Objekt,142,118
Objektivität,46,36
Oboe,25,18
Obst,436,349
Oder,25,25
Ofen,125,107
Offenheit,91,79
Offizier,19,14
Ohnmacht,45,40
Ohr,114,92
Ohren,109,87
Ohrfeige,26,26
Oktober,42,34
Oktoberfest,105,92
Olympia,84,61
Oma,528,408
Onkel,117,97
Opa,284,216
Oper,158,136
Operation,85,77
Opfer,151,150
Opportunist,4,3
Opposition,33,26
Optik,34,24
Optimierung,25,24
Optimist,9,6
Option,49,44
Optionen,29,24
Orangensaft,23,17
Orchester,362,301
Orden,45,42
Ordner,112,100
Ordnung,558,444
Organ,149,123
Organisation,193,154
Orgel,31,24
Orient,56,45
Orientierung,114,100
Ort,434,366
Ost,100,77
Ostblock,32,22
Osten,265,212
Ostern,143,124
Osteuropa,55,44
Ostsee,70,58
Otto,25,22
Overall,6,4
Oxford,12,12
Ozean,70,59
PC,151,121
Packung,16,12
Paddel,24,23
Paket,279,233
Pakistan,3,1
Panflöte,2,1
Panik,97,71
Panne,27,23
Panorama,16,13
Pantoffeln,0,0
Panzer,48,39
Papa,137,105
Papagei,17,14
Papier,857,705
Pappe,24,24
Paprika,40,25
Papst,140,111
Paragraph,37,33
Parfum,34,28
Paris,189,164
Park,76,76
Parka,5,4
Parkplatz,27,20
Parlament,160,137
Partei,326,276
Parteitag,6,6
Partie,3,1
Partner,299,251
Partnerbörse,3,3
Partnerin,14,13
Partnerschaft,107,96
Party,464,380
Pass,66,66
Passion,40,37
Pastor,28,26
Patent,23,23
Patient,36,32
Pauke,5,5
Paul,21,18
Pause,175,175
Pech,85,65
Pelz,44,36
Penis,134,112
Pension,47,35
Peperoni,7,5
Percussion,4,4
Periode,43,33
Person,351,295
Personal,24,23
Personalrat,5,4
Personen,111,88
Personendaten,4,4
Personengruppe,2,2
Perspektive,117,98
Persönlichkeit,210,170
Peru,22,20
Perzeption,5,4
Pest,19,17
Peter,64,51
Petersilie,28,22
Petroleum,1,1
Pfad,18,13
Pfanne,55,49
Pfarrer,112,93
Pfeffer,63,52
Pfeife,30,26
Pfeil,78,64
Pferd,457,368
Pferde,132,111
Pferdewagen,3,2
Pflanze,217,208
Pflanzen,195,189
Pflaster,58,58
Pflaume,10,7
Pflege,92,90
Pflicht,293,240
Pfund,12,9
Phantasie,76,61
Phase,23,16
Philosoph,41,32
Philosophie,158,131
Photo,18,17
Phrase,11,11
Physik,346,272
Physiotherapie,17,13
Phänomen,7,4
Picasso,29,22
Piccoloflöte,0,0
Pickel,60,47
Pille,48,40
Pilot,23,20
Pilze,27,23
Pinguin,22,16
Pinsel,84,84
Pirat,54,44
Pistole,145,115
Pizza,158,126
Plagiat,36,30
Plakat,31,25
Plakette,6,6
Plan,342,340
Planet,46,39
Planung,141,120
Planwirtschaft,8,6
Plastik,226,166
Platte,27,24
Plattform,13,12
Platz,213,213
Platzierung,16,13
Pleite,10,10
Pläne,21,18
Po,65,52
Poesie,53,45
Pokal,59,54
Polen,74,58
Politik,1603,1313
Politiker,201,170
Polizei,911,737
Polizist,65,58
Pommes,62,51
Popcorn,48,38
Porree,8,5
Portrait,19,12
Portugal,10,8
Porzellan,74,55
Posaune,30,30
Position,129,105
Post,568,470
Postbote,44,34
Postmann,4,4
Power,42,31
Prag,41,34
Prater,16,13
Praxis,112,97
Preis,255,250
Premiere,9,9
Presse,77,76
Priester,51,40
Prinz,41,31
Prinzessin,93,70
Prinzip,17,15
Priorität,50,41
Privatleben,3,3
Privatsphäre,44,33
Probe,42,42
Problem,380,321
Problematik,2,1
Produkt,121,99
Produktion,82,67
Professor,148,121
Profi,25,23
Profil,22,18
Profit,32,26
Prognose,13,12
Programm,89,74
Projekt,149,124
Projektion,12,11
Promille,9,6
Prospekt,6,5
Protest,59,48
Protokoll,35,35
Provinz,5,5
Prozent,60,49
Prozess,209,173
Prozession,1,1
Prädikat,42,37
Präsentation,97,86
Präsenz,26,22
Präsident,134,109
Präzision,38,33
Prüfung,467,380
Prüfungsangst,4,4
Psyche,84,59
Psychologe,39,35
Psychologie,227,191
Pubertät,80,71
Publikum,96,82
Pudel,14,10
Pulli,46,32
Pullover,148,116
Pullunder,5,3
Pult,29,24
Pulver,30,19
Punkt,192,148
Puppe,42,35
Pusteblume,21,17
Putin,107,84
Putzfrau,21,18
Putzmittel,45,39
Puzzle,33,29
Pyramiden,36,30
Päckchen,21,18
Pädagoge,8,8
Pädagogik,30,26
Pünktlichkeit,59,50
Quadrat,56,46
Quadratmeter,18,13
Qual,61,52
Qualifikation,21,20
Qualität,131,109
Quantität,24,21
Quartier,34,30
Quatsch,74,72
Quecksilber,17,12
Queen,103,85
Quelle,101,99
Querflöte,21,14
Quittung,35,31
Quote,10,8
Rabatt,24,21
Rache,18,15
Rad,129,101
Radieschen,5,5
Radio,180,150
Rahmen,70,56
Rahmenbedingung,0,0
Rakete,25,22
Rang,60,60
Raps,2,0
Raspel,2,0
Rasse,31,28
Rassismus,96,70
Rat,78,63
Rathaus,45,36
Ratschlag,44,35
Ratte,32,26
Raub,58,39
Raubtier,48,38
Rauch,156,128
Raum,270,219
Raupe,33,28
Raureif,5,3
Rausch,42,32
Reagenzglas,50,46
Reaktion,125,97
Realität,129,104
Rechenaufgabe,7,7
Recherche,49,41
Rechner,38,34
Rechnung,214,178
Recht,310,309
Rechtfertigung,41,34
Rechthaberei,8,7
Rechtsanwalt,47,40
Rechtschreibung,90,82
Recycling,54,36
Redaktion,4,4
Rede,139,139
Redner,33,22
Referat,34,32
Reflexion,40,33
Reform,12,9
Regal,151,122
Regel,227,224
Regeln,254,254
Regelung,27,23
Regen,591,584
Regenbogen,54,42
Regenmantel,2,2
Regenschirm,46,37
Regenwald,49,41
Regie,10,7
Regierung,282,248
Region,66,54
Regionalexpress,1,1
Regisseur,30,25
Reh,90,78
Reichtum,264,223
Reife,21,21
Reifen,90,88
Reihe,75,73
Reihenfolge,102,86
Reinheit,22,15
Reinigung,54,45
Reis,44,40
Reise,434,431
Reiseziel,13,10
Reiz,17,17
Relation,30,25
Religion,835,690
Relikt,3,3
Rente,120,106
Rentier,47,36
Rentner,44,37
Reparatur,98,73
Reptil,30,24
Republik,22,22
Resolution,2,1
Respekt,238,193
Ressource,15,12
Rest,39,34
Restaurant,280,235
Resultat,95,74
Rettich,5,4
Rettung,82,66
Reue,63,49
Revolution,106,96
Rezension,4,4
Rezept,83,70
Rhein,139,122
Rhythmus,81,60
Richard,2,1
Richter,310,258
Richtung,260,215
Riemen,5,4
Riese,33,30
Riesenrad,25,22
Rinde,18,15
Ring,160,123
Ringschlüssel,1,1
Risiko,181,150
Ritter,194,159
Rituale,10,10
Robe,37,33
Roboter,33,28
Rock,151,120
Roggen,19,17
Rohr,56,46
Rohrzange,3,1
Rollator,39,30
Rolle,38,37
Rollenspiel,14,13
Roller,43,34
Rollschuhe,5,4
Rollstuhl,80,65
Rolltreppe,15,14
Rom,153,119
Roman,115,103
Romantik,114,92
Rose,57,42
Rosenkohl,5,4
Rote Beete,2,2
Rotkohl,24,16
Rotwein,17,11
Routine,81,66
Rucksack,64,51
Rudel,17,13
Ruder,22,22
Ruderboot,9,9
Rudolf,13,11
Ruhe,728,721
Ruhm,52,44
Rum,20,16
Rumba,2,0
Rumpf,4,3
Rumänien,20,16
Runde,28,28
Russland,350,290
Rätsel,97,94
Räuber,82,68
Résumé,0,0
Römer,64,57
Rübe,19,16
Rücken,96,93
Rückhalt,9,7
Rückkehr,13,10
Rücksicht,62,53
Rücksichtnahme,16,14
Rücktritt,1,1
Rüssel,39,29
Rüstung,49,46
S-Bahn,14,14
SPD,68,49
SPÖ,1,1
Saal,52,41
Saat,8,6
Sache,174,147
Sachen,100,81
Sachlichkeit,8,7
Sachverhalt,31,27
Sack,66,56
Saft,60,46
Sahne,58,57
Saison,8,6
Saite,47,40
Saiten,77,69
Salat,374,280
Salbei,1,0
Sale,7,6
Salpetersäure,1,1
Salz,180,137
Salzburg,15,13
Salzsäure,12,11
Samariter,11,8
Samen,40,35
Sammlung,66,59
Samstag,54,44
Sand,289,220
Sandale,4,3
Sanierung,8,6
Sarg,57,46
Satz,218,181
Satzbau,35,26
Satzglied,4,3
Satzzeichen,62,54
Sauberkeit,108,86
Saudi-Arabien,3,2
Sauer,34,34
Sauerkraut,38,32
Sauerstoff,82,67
Sauna,79,66
Saxophon,37,29
Schach,140,113
Schadenfreude,8,7
Schaf,94,75
Schaffner,22,21
Schal,60,60
Schale,39,37
Schalter,60,51
Scham,137,106
Schande,13,10
Schatten,55,47
Schatz,176,132
Schau,8,7
Schaubild,5,5
Schaufel,46,45
Schaukelstuhl,15,13
Schaum,52,39
Schauspiel,67,54
Schauspieler,185,156
Scheibe,72,59
Scheich,29,20
Scheidung,113,92
Schein,99,72
Scheiße,49,46
Schelle,5,5
Schere,151,151
Scherz,25,21
Schicht,29,24
Schicksal,149,121
Schiefe,2,2
Schienen,47,47
Schiff,698,556
Schild,162,131
Schiller,58,49
Schilling,2,1
Schimmel,73,57
Schimpanse,13,6
Schimpfwort,110,88
Schirm,64,44
Schirmständer,3,3
Schlacht,35,31
Schlaf,180,177
Schlafanzug,28,24
Schlafzimmer,56,46
Schlag,58,56
Schlagzeug,62,51
Schlamm,57,46
Schlange,152,121
Schleife,45,45
Schleifmaschine,1,1
Schleifpapier,22,16
Schlinge,2,2
Schlips,19,18
Schlitten,44,35
Schlittschuh,4,3
Schloss,269,267
Schlosser,12,10
Schluss,215,161
Schlussfolgerung,50,44
Schlüpfer,16,14
Schlüssel,187,180
Schmerz,951,718
Schmerzen,352,346
Schmetterling,91,75
Schmidt,29,22
Schmied,43,38
Schminke,43,43
Schmuck,208,207
Schmutz,179,134
Schnaps,88,65
Schnauze,19,18
Schnecke,62,53
Schnee,531,435
Schneider,29,29
Schnelligkeit,50,39
Schnitt,32,32
Schnittlauch,16,15
Schnitzel,42,37
Schnur,78,62
Schnurrbart,16,9
Schock,44,44
Schokolade,252,209
Schornstein,27,18
Schornsteinfeger,24,23
Schottland,87,77
Schrank,255,209
Schranken,7,6
Schrankwand,3,3
Schraube,112,111
Schraubendreher,36,26
Schraubenschlüssel,16,14
Schraubenzieher,121,97
Schraubstock,6,6
Schraubzwinge,0,0
Schreck,63,56
Schrei,29,24
Schreibtisch,146,114
Schreiner,90,67
Schrift,133,109
Schriftgröße,2,2
Schriftsteller,77,67
Schriftstück,23,18
Schriftverkehr,4,4
Schritt,41,41
Schrott,30,21
Schröder,40,35
Schublade,107,87
Schuh,201,167
Schuhe,389,300
Schuhschrank,6,6
Schulabschluss,19,18
Schulaufgaben,4,3
Schuld,164,164
Schulden,57,57
Schuldspruch,5,4
Schule,2338,2323
Schulfach,42,39
Schulter,15,14
Schuss,59,46
Schuster,14,13
Schutz,608,483
Schwamm,20,19
Schwan,13,11
Schwangerschaft,82,73
Schwanz,75,56
Schwarm,15,11
Schwarzwurzel,1,1
Schwebebahn,2,1
Schweden,106,82
Schwefelsäure,3,2
Schwein,88,67
Schweiz,443,349
Schweizer,15,9
Schweiß,100,99
Schweißer,6,3
Schwert,80,65
Schwester,173,141
Schwierigkeit,52,42
Schwimmbad,79,66
Schwingschleifer,2,2
Schwäche,58,56
Schätzchen,1,1
Schönheit,225,175
Schöpfung,33,31
Schüler,159,144
Schürze,52,37
Schüssel,64,48
See,363,293
Seefahrt,36,31
Seele,148,128
Seelenfrieden,3,2
Segel,32,32
Segelboot,13,10
Segelschiff,11,9
Segen,24,17
Sehenswürdigkeiten,10,9
Sehne,9,9
Sehnsucht,140,115
Seide,53,42
Seife,114,114
Seifenkiste,3,3
Seil,193,192
Seilbahn,14,9
Seite,76,65
Seitenschneider,2,2
Sekretariat,8,7
Sekretär,6,6
Sekretärin,33,25
Sekt,39,31
Sekte,34,27
Sekunde,65,55
Selbstaufgabe,3,3
Selbstbestimmung,18,14
Selbstbewusstsein,108,83
Selbstbild,14,13
Selbstmord,29,24
Selbstständigkeit,32,25
Selbstvertrauen,29,19
Selbstverwirklichung,12,11
Selbstwert,17,14
Selbstzweifel,7,5
Selektion,14,10
Sellerie,8,7
Semesterbeitrag,1,1
Seminar,66,58
Senat,3,3
Senator,2,2
Sender,31,29
Sendung,36,29
Sense,7,5
Separation,4,1
September,32,28
Serbien,6,4
Serie,162,139
Server,3,3
Service,100,85
Sesam,6,2
Sessel,104,82
Sex,892,669
Sexualität,62,53
Sheriff,1,1
Shopping,48,28
Shorts,11,8
Show,87,71
Sichel,17,11
Sicherheit,647,541
Sicherung,34,28
Sicht,84,73
Sichtweise,64,56
Sideboard,6,6
Sieb,16,12
Sieg,201,165
Siegel,25,22
Sieger,100,83
Signal,35,29
Signifikanz,5,3
Silber,152,74
Silvester,80,66
Single,109,63
Sinn,223,186
Sinnlichkeit,10,10
Sirup,40,31
Sitte,15,14
Situation,141,123
Sitz,52,42
Sitzkissen,4,3
Sitzkreis,4,4
Sitzung,97,80
Skandal,30,29
Skandinavien,61,52
Skateboard,15,10
Ski,64,43
Skifahren,66,47
Skizze,46,44
Sklave,69,49
Slip,35,27
Slowakei,22,17
Slowenien,8,7
Smoking,15,12
Socke,40,32
Sofa,388,312
Software,81,69
Sohle,21,15
Sohn,75,68
Sojabohnen,0,0
Soldat,143,120
Solidarität,53,41
Sommer,1175,949
Song,27,21
Sonnabend,4,2
Sonne,1254,1251
Sonnenaufgang,64,57
Sonnenblume,23,20
Sonnenbrille,40,37
Sonnenschein,44,39
Sonnenuntergang,86,66
Sonntag,117,95
Sorge,95,92
Sorgfalt,28,26
Sorte,15,13
Souvenir,30,24
Sowjetunion,29,26
Sozialarbeiter,3,1
Sozialismus,57,47
Sozialität,3,3
Soziologe,3,0
Soziologie,29,23
Soße,49,31
Spachtel,8,6
Spanien,75,62
Spanisch,34,33
Spannung,174,152
Spargel,26,24
Spaten,20,17
Spatz,13,10
Spaziergang,71,62
Spaß,1144,644
Speichel,28,22
Speise,11,10
Spende,49,49
Sperre,23,22
Spiegel,139,135
Spiel,558,554
Spiele,41,41
Spieler,34,29
Spielplatz,74,58
Spielzeug,112,94
Spinat,20,20
Spinett,2,2
Spinne,60,60
Spion,62,50
Spiritus,2,1
Spitze,82,77
Spitzkohl,1,1
Spontanität,14,8
Sport,1904,1536
Spott,35,29
Sprache,950,813
Sprachen,67,65
Sprachförderung,2,1
Sprecher,29,23
Spritze,57,57
Sprudel,56,42
Sprung,33,20
Spucke,25,24
Spur,24,21
Späne,52,35
Spüle,10,9
Staat,452,386
Staatsanwaltschaft,6,6
Stab,66,58
Stabilität,40,33
Stadion,41,35
Stadt,1337,1124
Stadtrat,12,9
Stadtteil,24,22
Staffel,15,13
Stahl,81,81
Stall,73,59
Stamm,37,29
Stand,40,40
Standard,54,37
Standort,23,18
Standpunkt,83,75
Stange,53,41
Star,118,91
Start,201,159
Statik,17,14
Statistik,228,182
Statue,56,44
Status,73,59
Stau,158,134
Staub,217,171
Staubsauger,61,52
Stauraum,40,33
Steak,52,42
Steckbrief,5,5
Steckdose,55,46
Steckrüben,1,1
Stehlampe,4,4
Steigerung,37,32
Stein,329,258
Stelle,43,43
Stellung,36,29
Stelzen,4,0
Stemmeisen,0,0
Stempel,32,31
Steppe,33,32
Sterne,240,206
Sternzeichen,80,62
Steuer,119,117
Steuererklärung,37,36
Steuern,87,86
Steuerung,23,21
Stich,57,57
Stichel,0,0
Stichsäge,1,0
Stiefel,60,59
Stift,257,210
Stiftung,16,14
Stil,109,88
Stille,139,139
Stillstand,61,48
Stimme,139,138
Stimmung,155,135
Stipendium,17,13
Stirn,16,14
Stock,123,98
Stoff,331,268
Storch,8,7
Story,16,11
Strafe,315,313
Straftat,128,103
Straftäter,13,10
Strahl,10,7
Strand,469,370
Strategie,93,82
Strauß,24,22
Straße,710,394
Straßenbahn,49,35
Straßenkarte,3,3
Straßenverkehr,63,44
Streber,64,46
Strecke,69,67
Streich,20,18
Streichinstrument,39,30
Streifen,56,55
Streik,63,51
Streit,626,620
Stress,1039,784
Strich,65,65
Strick,43,33
Strickjacke,3,3
Strom,527,442
Stromkasten,6,4
Struktur,193,158
Strumpf,27,20
Strumpfhose,12,11
Strömung,11,8
Student,94,81
Studenten,68,56
Studentenstadt,6,2
Studie,220,181
Studien,41,34
Studiengang,5,5
Studio,19,16
Studium,692,567
Stufe,55,52
Stuhl,357,275
Stunde,103,90
Sturm,122,97
Sturz,68,59
Stuttgart,33,26
Stärke,182,178
Störung,75,63
Stück,76,66
Stütze,33,31
Subjekt,62,50
Subjektivität,23,15
Suche,71,71
Sucht,123,123
Summe,79,79
Sumpf,24,20
Supermarkt,170,147
Suppe,362,299
Sweatshirt,2,1
Symbiose,8,6
Symbol,84,68
Sympathie,50,38
Symptom,5,5
Synonym,35,35
Synthesizer,3,2
Syrien,31,23
System,121,102
Szene,12,8
Säge,57,57
Sänger,50,42
Säugetier,56,48
Säure,75,74
Süd,69,56
Südafrika,14,12
Südamerika,185,160
Süden,135,108
Südkorea,25,20
Sünde,67,59
T-Shirt,72,49
TV,149,120
Tabak,42,35
Tabelle,82,73
Tablett,25,22
Tabu,13,13
Tadel,30,30
Tafel,124,122
Tag,328,272
Tagebuch,34,28
Tagesschau,58,49
Tagung,23,21
Taktik,30,27
Tal,70,62
Talent,150,122
Tamburin,0,0
Tandem,2,1
Tankstelle,55,44
Tanne,9,9
Tante,89,75
Tanz,127,124
Tasche,171,136
Taschentuch,37,34
Tasse,87,66
Tastatur,114,91
Tasten,77,77
Tat,154,154
Tatort,99,84
Tatsache,89,73
Tatsachen,19,18
Tau,42,38
Taube,52,52
Taufe,17,17
Taxi,19,15
Team,337,268
Teamarbeit,24,22
Teamgeist,15,13
Technik,315,262
Tee,315,260
Teenager,78,61
Teer,26,21
Teich,57,45
Teig,101,87
Teil,216,216
Teilnahme,50,46
Teilnehmer,58,51
Telefon,377,301
Telefonat,11,9
Telefonnummer,12,11
Teller,159,124
Temperatur,119,97
Tempo,76,65
Tendenz,21,16
Tennis,57,41
Teppich,76,66
Termin,300,257
Termine,44,37
Terpentin,2,2
Terror,66,51
Terrorist,6,4
Test,352,272
Testament,49,46
Teufel,82,63
Text,380,319
Thailand,24,18
Theater,806,694
Theke,26,21
Thema,157,146
Theologie,17,15
Theorie,147,131
Therapie,109,93
Thermometer,60,46
These,50,43
Thomas,16,12
Thron,37,32
Ticket,72,61
Tiefe,72,72
Tier,1213,956
Tiere,573,469
Tierschutz,20,18
Tiger,87,73
Tinte,111,89
Tipp,72,59
Tisch,421,349
Tischler,57,46
Titel,98,98
Tochter,64,51
Tod,1214,1012
Toilette,247,206
Toleranz,138,114
Tomate,59,48
Ton,206,165
Tonne,31,24
Topf,147,121
Tor,126,100
Torte,84,76
Tortenstück,2,2
Tote,31,30
Tour,15,12
Tourist,23,18
Tracht,56,47
Trachten,17,17
Tradition,185,142
Trainer,11,8
Training,155,127
Traktor,66,54
Transparenz,33,29
Transport,122,96
Trauer,524,521
Traum,259,219
Trauma,45,37
Traurigkeit,61,52
Treffer,17,11
Trend,62,51
Trennung,168,138
Treppe,208,166
Tretboot,2,2
Treue,94,94
Triangel,9,7
Trick,35,27
Trikolore,0,0
Tritt,7,7
Trommel,78,74
Trompete,85,80
Tropen,21,18
Tropfen,41,39
Trottel,16,11
Truhe,35,30
Trump,152,119
Truppe,11,9
Trägheit,15,12
Tränen,205,200
Tschechien,48,42
Tsunami,36,28
Tuba,29,22
Tuch,88,72
Tugend,102,85
Tunesien,18,11
Tunnel,45,31
Turm,111,93
Turnier,31,25
Typ,54,47
Täter,147,130
Tätigkeit,99,91
Tätigkeitsfeld,3,3
Täuschung,49,37
Töne,60,60
Tübingen,40,33
Tür,675,565
Türe,106,92
Türkei,49,37
Tüte,49,40
U-Bahn,68,67
U-Boot,4,4
USA,472,388
Ufer,26,23
Uhr,320,266
Uhrzeit,89,74
Uhu,54,40
Ukraine,59,44
Ulm,25,24
Ulrich,6,6
Umarmung,75,57
Umbruch,21,18
Umfang,41,34
Umfeld,52,46
Umfrage,47,39
Umgang,51,42
Umgebung,104,91
Umhang,47,39
Umsatz,28,22
Umschlag,28,24
Umschreibung,17,12
Umsetzung,33,28
Umstand,18,16
Umwandlung,13,11
Umweg,59,42
Umwelt,330,268
Umweltschutz,44,37
Umweltverschmutzung,52,44
Umzug,113,97
Unabhängigkeit,65,54
Unachtsamkeit,5,3
Unfall,638,531
Ungarn,32,20
Ungeduld,48,41
Ungerechtigkeit,113,92
Ungewissheit,48,39
Ungleichheit,41,36
Unglück,153,123
Uni,597,459
Uniform,104,104
Union,44,37
Universität,824,722
Universum,126,99
Unlust,17,14
Unmut,7,4
Unordnung,114,92
Unrecht,49,48
Unruhe,95,76
Unsicherheit,222,180
Unsinn,99,74
Unterbrechung,21,18
Unterbreitung,2,2
Unterdrückung,129,103
Untergang,23,15
Unterhalt,13,13
Unterhaltung,192,171
Unterhemd,30,23
Unterhose,80,62
Unterkunft,69,61
Unterlage,4,2
Unterlagen,36,35
Unternehmer,16,13
Unterricht,249,208
Unterrock,2,2
Unterscheidung,29,27
Unterschied,110,109
Unterschrift,82,67
Unterstützung,294,257
Untersuchung,99,90
Untertitel,3,1
Unterwerfung,11,9
Unterwäsche,89,70
Unwetter,44,37
Unwissenheit,34,29
Unwohlsein,67,54
Urenkel,0,0
Urin,62,51
Urkunde,57,52
Urlaub,1306,1052
Urne,34,29
Ursache,135,113
Ursprung,71,59
Urteil,164,138
Urteilsvermögen,1,1
Urwald,59,51
Utopie,45,35
VIP,23,18
Vampir,31,25
Van,4,4
Variable,8,7
Vater,344,286
Vaterland,24,23
Vatikan,32,30
Verabredung,64,58
Veranda,10,7
Veranstalter,1,1
Veranstaltung,138,122
Verantwortung,513,411
Verarsche,2,2
Verb,125,94
Verband,49,46
Verbandsgemeinde,0,0
Verbesserung,121,106
Verbindung,331,276
Verbot,119,117
Verbrechen,304,297
Verbrecher,119,105
Verbundenheit,58,48
Verdacht,33,33
Verdienst,65,65
Verein,241,201
Vereinbarung,71,58
Vereinigte Staaten von Amerika,3,3
Vereinigung,61,57
Vererbung,33,31
Verfahren,32,31
Verfassung,78,64
Verfolgung,40,37
Verfügung,7,7
Vergangenheit,521,430
Vergehen,22,21
Vergleich,96,79
Vergrößerung,36,24
Vergänglichkeit,23,19
Verhalten,134,132
Verhaltensstudie,0,0
Verhandlung,69,59
Verhältnis,59,53
Verhütung,40,35
Verkauf,86,86
Verkehr,299,298
Verkehrsmittel,46,42
Verkehrsschild,9,9
Verkleidung,52,46
Verknüpfung,31,27
Verkäufer,50,41
Verlag,54,48
Verlauf,17,17
Verletzung,328,269
Verlierer,78,64
Verlust,280,218
Verlängerung,7,5
Verlässlichkeit,42,30
Vermittlung,25,22
Vermutung,75,62
Vermögen,62,61
Vernunft,61,49
Verpackung,62,48
Verpflichtung,57,47
Verrat,45,37
Versammlung,95,84
Versand,21,17
Verschmutzung,37,30
Verschwendung,41,35
Versehen,34,34
Versicherung,165,139
Version,8,3
Versorgung,19,15
Verspätung,147,123
Verstand,98,97
Versteck,49,48
Verstoß,6,6
Verständigung,32,28
Verständnis,206,171
Versuch,135,135
Versuchsperson,3,3
Verteidigung,98,79
Verteilung,31,28
Vertrag,283,277
Vertreter,14,10
Vertriebene,4,4
Verurteilung,24,20
Verwaltung,114,98
Verwandlung,41,30
Verwandte,52,51
Verwandtschaft,55,27
Verweis,9,9
Verwendung,23,20
Verzeihung,25,23
Verzicht,22,22
Verzweiflung,65,55
Veränderung,283,234
Veröffentlichung,11,9
Vespa,28,25
Video,48,34
Videospiel,9,8
Vielfalt,170,142
Vielzahl,15,12
Viertel,37,36
Vietnam,9,8
Villa,22,18
Viola,17,13
Violine,83,65
Violoncello,2,2
Virus,55,47
Vision,41,35
Vitamine,55,43
Vitrine,11,9
Vizepräsident,2,1
Vogel,794,634
Vogelperspektive,10,9
Vogelweide,1,1
Vokabel,9,7
Volk,117,101
Volksfest,11,10
Volksherrschaft,2,2
Volksmusik,36,31
Vorahnung,8,8
Voraussetzung,72,50
Vorbereitung,35,32
Vorbild,103,84
Vorbohrer,0,0
Vordergrund,17,15
Vorfahren,36,36
Vorfall,16,15
Vorfreude,72,61
Vorführung,20,18
Vorgabe,54,50
Vorgesetzter,51,50
Vorhaben,53,53
Vorhang,75,64
Vorjahr,0,0
Vorlage,27,25
Vorlesung,82,67
Vormund,4,4
Vorname,175,158
Vorrat,30,23
Vorsatz,32,30
Vorschlag,66,60
Vorschrift,46,38
Vorsehung,6,5
Vorsicht,246,179
Vorsitzende,4,4
Vorsorge,22,22
Vorstand,24,21
Vorstellung,139,116
Vorteil,80,67
Vorteile,12,12
Vortrag,176,146
Vorurteil,96,78
Vorwurf,16,13
Vulkan,32,28
WC,64,48
WLAN,16,6
Waage,147,130
Wache,12,12
Wachstum,78,64
Waffe,237,191
Waffen,125,110
Wagenheber,2,2
Waggon,9,6
Wagnis,26,24
Wahl,353,298
Wahnsinn,35,27
Wahrheit,247,206
Wahrnehmung,109,86
Wal,28,17
Wald,881,709
Walter,16,11
Wandel,49,49
Wanderung,44,35
Wandschrank,1,1
Wange,8,6
Ware,105,82
Waren,93,93
Warnung,46,42
Wartezimmer,43,35
Waschbecken,43,38
Waschmaschine,72,57
Washington,9,8
Wasser,2952,2306
Wasserhahn,43,35
Wasserwaage,9,6
Weblink,1,1
Wechsel,56,56
Wecker,95,74
Weg,432,431
Weiblichkeit,16,12
Weide,53,53
Weihnachten,440,419
Wein,237,236
Weise,53,52
Weisheit,77,67
Weitblick,31,28
Weite,178,178
Weiterbildung,41,34
Weiterentwicklung,19,12
Weitsprung,11,7
Weizen,124,88
Weiße Bohnen,1,1
Weißkohl,25,12
Weißrussland,2,1
Welle,58,57
Wellen,102,102
Wellensittich,10,9
Wellness,49,36
Welt,390,314
Weltall,102,81
Weltfrieden,8,8
Weltkrieg,44,40
Weltraum,52,47
Wende,22,22
Werbung,327,277
Werdegang,5,4
Werk,36,34
Werkbank,38,26
Werkstatt,202,159
Werkstoff,10,8
Werkzeug,875,686
Werkzeugkasten,41,35
Werkzeugmacher,0,0
Wert,149,149
Werte,102,102
Wertschätzung,62,55
Wesen,56,45
Wespe,31,22
West,78,62
Weste,20,19
Westen,94,83
Western,51,39
Wettbewerb,159,135
Wetter,347,343
Wettkampf,227,173
Wettlauf,13,8
Whisky,17,10
Wichtigkeit,56,43
Widerspruch,74,61
Widerstand,91,80
Wiederholung,123,104
Wiege,3,3
Wien,137,121
Wiener,18,17
Wiesbaden,8,8
Wiese,262,259
Wikipedia,29,17
Wildschwein,10,8
Wilhelm,11,8
Wille,133,116
Willen,16,16
Wimpern,12,6
Wind,427,339
Winkel,59,45
Winter,951,759
Wirklichkeit,45,39
Wirkung,94,84
Wirsing,5,1
Wirtschaft,487,411
Wissenschaft,656,547
Wissenschaftler,93,75
Witz,173,134
Woche,109,88
Wochenende,221,198
Wodka,47,37
Wohlbefinden,64,45
Wohlergehen,11,8
Wohlstand,63,53
Wohnort,58,50
Wohnraum,8,7
Wohnung,639,529
Wohnzimmer,191,158
Wolf,74,58
Wolfgang,4,4
Wolfsburg,3,3
Wolke,67,60
Wolken,120,94
Wolkenkratzer,32,27
Wolle,204,203
Word,74,50
Workshop,14,12
Wort,441,355
Worte,120,105
Wortschatz,36,31
Wunde,194,194
Wunder,65,65
Wunsch,221,187
Wurm,29,27
Wurst,179,133
Wurzel,60,48
Wurzeln,23,23
Wut,393,306
Währung,125,101
Wärme,503,484
Wäsche,259,200
Wörter,254,207
Wörterbuch,82,66
Wünsche,36,35
Würde,43,43
Würstchen,101,92
Wüste,224,218
Xylophon,7,5
Yoga,123,98
Zahl,523,520
Zahlung,30,24
Zahlwort,1,1
Zahn,96,72
Zahnarzt,123,103
Zange,69,52
Zauber,59,59
Zauberer,120,103
Zaun,137,120
Zebra,84,70
Zebrastreifen,75,66
Zeh,21,17
Zeichen,127,105
Zeit,1187,1184
Zeitalter,68,57
Zeitdruck,60,49
Zeitpunkt,30,22
Zeitraum,54,44
Zeitrechnung,5,5
Zeitschrift,131,114
Zeitspanne,43,34
Zeitung,779,650
Zelle,37,31
Zelt,89,89
Zensur,40,34
Zentimeter,39,32
Zentrale,5,5
Zentrum,104,88
Zeppelin,1,1
Zepter,10,8
Zerstörung,94,72
Zettel,77,77
Zeug,18,18
Zeuge,29,29
Zeugnis,142,128
Zicke,12,10
Ziege,38,33
Ziegel,57,46
Ziehharmonika,7,6
Ziel,653,653
Ziffer,34,29
Zigarette,100,79
Zigaretten,78,59
Zigarre,34,25
Zimmer,211,209
Zimmermann,24,21
Zinsen,34,24
Zirkel,39,35
Zirkus,166,143
Zitat,30,25
Zither,2,2
Zitrone,94,72
Zoll,78,69
Zollstock,25,22
Zoo,197,151
Zopf,32,21
Zucchini,12,7
Zucker,218,174
Zufall,90,75
Zufriedenheit,186,156
Zug,770,611
Zugang,31,25
Zugehörigkeit,71,62
Zuhause,468,259
Zukunft,725,587
Zulassung,8,5
Zuneigung,99,79
Zunge,131,109
Zusage,35,35
Zusammenarbeit,107,91
Zusammenfassung,108,87
Zusammengehörigkeit,30,26
Zusammenhalt,185,155
Zusammenhang,117,96
Zusammenschluss,55,42
Zusammenstellung,6,6
Zusatz,28,25
Zusatzaufgabe,1,1
Zuschauer,38,32
Zustand,86,83
Zustimmung,142,118
Zuständigkeit,13,11
Zuverlässigkeit,40,36
Zuversicht,42,36
Zwang,224,222
Zweck,96,87
Zweifel,99,96
Zweifler,2,2
Zweig,23,19
Zweisamkeit,39,26
Zwerg,46,35
Zwiebel,46,38
Zwiespalt,19,14
Zylinder,27,22
Zähne,228,185
Zärtlichkeit,58,51
Zürcher,0,0
Zürich,33,29
abends,42,42
aber,91,91
abfahren,2,2
abgeben,65,64
abgeschlossen,44,44
abgesichert,4,4
abhaken,15,14
abhauen,39,39
abholen,16,16
abhängig,49,46
ablehnen,81,80
abmachen,12,11
abnehmen,50,49
abreißen,4,4
abrufen,3,3
abschließen,52,52
abschneiden,9,9
abschreiben,28,28
abschätzbar,0,0
absolut,54,54
absperren,4,3
abstempeln,6,6
abstimmen,29,29
abstrakt,58,57
abwarten,30,30
abwischen,3,3
abwägen,124,121
acht,50,50
achtzig,8,5
addieren,47,44
aggressiv,58,53
agieren,28,28
agil,31,31
akribisch,10,10
aktiv,179,175
aktuell,75,74
akzeptabel,5,4
akzeptieren,64,64
albern,52,52
alle,147,147
allein,346,343
alleine,204,202
alles,242,240
allgemein,80,77
alt,1555,1554
altbacken,69,67
altern,18,18
alternativ,31,31
altertümlich,41,41
altmodisch,345,340
amerikanisch,9,9
analog,36,36
analysieren,36,36
analytisch,6,6
anbieten,25,25
anbinden,1,1
andauern,11,11
andauernd,52,51
andere,39,39
andererseits,59,55
anders,365,364
anerkannt,22,22
anfangen,123,121
anfassen,73,73
angeben,71,71
angeblich,6,6
angehen,19,19
angehören,3,2
angemessen,41,41
angenehm,305,302
angesehen,12,12
angreifen,15,15
anhalten,57,57
anhängen,9,9
ankommen,94,93
ankündigen,5,5
anmerken,9,9
annehmen,139,137
anonym,18,18
anordnen,12,12
anpacken,26,26
anpassen,33,33
anpreisen,6,6
anrufen,38,36
anschauen,74,73
anschließend,13,13
ansehen,43,43
ansteckend,11,11
anstrengend,521,513
anteilig,2,2
antik,53,53
antreiben,4,4
antun,1,1
antworten,51,51
anwenden,28,28
anwesend,43,42
anziehen,98,96
anziehend,43,43
anzünden,8,8
arabisch,26,26
arbeiten,375,372
arbeitslos,43,42
arg,22,22
argumentieren,46,45
arrogant,122,120
asozial,43,28
atmen,113,112
attraktiv,89,85
auditiv,3,3
auf,80,78
aufbauen,47,47
aufbewahren,64,59
auffallen,29,29
auffallend,36,36
auffassen,4,4
auffordern,11,11
auffällig,52,50
aufgeben,137,135
aufgehen,4,4
aufgeregt,63,60
aufgeräumt,44,43
aufgrund,14,13
aufhalten,41,40
aufheben,49,49
aufhängen,56,52
aufhören,100,100
auflösen,17,17
aufmachen,33,33
aufmerksam,119,117
aufmerksam machen,13,13
aufnehmen,53,52
aufrecht,51,51
aufregend,81,78
aufrichtig,26,26
aufräumen,143,142
aufschreiben,32,32
aufstellen,33,33
auftreten,14,14
aufwachen,23,22
aufwachsen,8,8
aufzeigen,19,18
aufziehen,9,8
ausbreiten,10,9
ausdrücken,40,38
ausdrücklich,17,16
ausführen,48,46
ausführlich,37,35
ausgeben,22,22
ausgeglichen,67,66
ausgehen,47,47
ausgehend,4,4
ausgeprägt,4,4
ausgleichen,10,10
aushalten,42,40
auskommen,3,3
ausprobieren,77,75
ausreichend,54,52
ausruhen,96,95
aussagekräftig,7,7
ausschließen,14,13
ausschließlich,21,21
austreten,2,2
ausweichen,38,37
auswirken,2,2
auswählen,27,27
auszeichnen,7,5
ausziehen,19,17
ausüben,17,17
authentisch,20,18
automatisch,23,23
autonom,20,20
autoritär,27,26
außen,30,29
außergewöhnlich,58,57
außerhalb,10,10
backen,149,149
baden,81,81
bald,76,76
basteln,124,124
bauen,295,294
beachten,25,25
beantworten,4,4
bearbeiten,37,37
bedacht,40,40
bedecken,9,8
bedeuten,18,18
bedeutend,51,49
bedeutsam,26,26
bedienen,23,23
bedürftig,19,18
beeilen,21,21
beeindrucken,4,4
beeindruckend,39,37
beeinflussen,46,46
beenden,186,185
befehlen,39,39
befinden,4,4
befolgen,47,46
befreien,13,13
begabt,36,36
beginnen,92,92
begleiten,33,33
begreifen,89,87
begrenzt,61,60
begründen,21,21
behalten,59,58
behandeln,16,16
behaupten,21,21
beherbergen,4,4
beherrschen,20,17
behindern,5,5
behindert,52,51
beibringen,18,17
beige,15,15
beinahe,32,32
beinhalten,33,32
beispielsweise,0,0
beißen,22,22
bejahen,27,25
bekannt,175,171
bekennen,4,4
bekloppt,14,13
bekommen,143,142
belegen,21,21
beliebt,38,38
bellen,13,13
belästigen,0,0
bemerken,62,62
benennen,48,47
benutzen,137,137
benötigen,51,50
beobachten,109,108
bequem,237,235
beraten,18,18
bereichernd,8,8
bereit,22,22
bereuen,17,17
berichten,11,11
berufen,0,0
beruflich,9,9
beruhen,1,1
beruhigen,12,11
beruhigend,37,37
berücksichtigen,8,8
berühmt,126,122
berühren,52,49
beschaffen,11,11
bescheiden,42,42
bescheuert,22,22
beschließen,6,6
beschlossen,3,3
beschreiben,77,75
beschrieben,6,5
beschränkt,30,30
beschwerlich,11,11
beschädigen,2,2
beschäftigen,8,7
beschäftigt,23,20
beschützen,41,39
beseitigen,19,19
besetzt,9,8
besitzen,79,77
besonderer,0,0
besonders,340,334
besorgen,29,29
besorgt,5,5
besprechen,29,28
besser,145,145
bestehen,53,51
bestellen,28,28
bestimmen,86,86
bestimmt,116,115
bestätigen,55,54
bestätigt,15,12
besuchen,29,29
beteiligen,9,9
beten,68,68
betonen,41,41
betrachten,52,52
betragen,2,2
betreffen,4,4
betreuen,8,8
betroffenen,0,0
betrunken,78,75
betrügen,40,37
betteln,15,15
beugen,19,18
beurteilen,52,52
bevormunden,4,4
bewachen,7,7
bewegen,72,72
beweglich,63,63
beweisbar,2,2
beweisen,42,41
bewerten,66,66
bewundern,15,15
bewusst,56,56
bezahlbar,4,4
bezahlt,5,4
bezeichnen,21,21
beziehen,14,14
beziehungsweise,2,2
bieder,28,28
biegen,22,22
bieten,11,11
bilden,48,48
bildlich,9,9
billig,140,139
binden,51,49
bisherige,0,0
bislang,1,1
bitten,64,64
bitter,106,106
blasen,49,48
blass,28,28
blau,521,519
bleiben,93,92
blind,83,83
blond,59,59
bloß,16,16
blöd,216,212
bohren,31,31
braten,58,58
brauchbar,32,32
brauchen,141,141
braun,416,414
brausen,4,3
brav,65,65
brechen,129,129
breit,59,59
bremsen,32,32
brennen,63,62
bringen,69,67
britisch,14,13
brutal,40,40
böse,370,366
bücken,29,29
bügeln,46,43
bürgerlich,14,14
chaotisch,39,39
charmant,21,21
checken,23,23
chic,42,40
christlich,37,36
clever,59,58
cool,128,127
da,119,118
dabeisein,4,17
daddeln,8,5
dafür,69,67
dagegen,77,76
daheim,38,38
daher,26,25
damalig,0,0
damals,79,78
danach,149,146
daneben,59,58
dankbar,19,19
danke,42,42
daraufhin,4,4
darstellen,45,45
darum,68,67
das,37,37
dauerhaft,49,45
dauern,8,8
dauernd,52,51
dazu,73,73
definiert,14,13
definitiv,35,29
dekorieren,27,26
dement,0,11
demokratisch,13,11
demütig,9,9
denken,443,441
dennoch,30,29
deshalb,116,112
destruktiv,12,12
detailliert,39,32
deuten,28,28
deutlich,120,118
diagnostizieren,5,5
dicht,38,37
dick,305,303
dienen,18,18
diesmal,0,0
differenzieren,29,29
digital,60,60
direkt,107,107
diskutieren,83,80
distanzieren,7,7
dominant,44,43
donnern,0,0
doof,179,176
dort,98,94
dorthin,21,20
dran,16,15
drauf,22,22
draußen,135,131
dreckig,147,144
drehen,114,114
drei,106,105
dreist,23,22
dreißig,3,3
dringend,95,94
drinnen,52,52
dritter,22,22
drohen,2,2
drüben,21,21
drüber,30,29
drücken,59,59
dumm,421,416
dunkel,687,686
durchdacht,55,52
durcheinander,68,68
durchführen,40,40
durchhalten,57,57
durchsetzen,42,41
durchsichtig,154,147
durchziehen,14,14
duschen,56,56
dynamisch,24,24
dünn,194,192
dürfen,84,82
düster,45,43
ebay,0,17
eben,122,121
ebenfalls,12,12
echt,180,175
eckig,72,70
edel,110,110
effektiv,40,39
effizient,49,49
egal,173,171
egoistisch,58,57
ehemalig,8,5
eher,32,32
ehrenamtlich,11,11
ehrgeizig,43,40
ehrlich,193,191
eigen,67,67
eigenartig,35,35
eigenständig,39,37
eigentlich,44,40
eignen,0,0
eilen,10,10
eilig,47,46
einander,3,3
einbringen,7,5
eindeutig,86,85
einfach,329,326
einfühlsam,29,26
einführen,14,13
eingebildet,37,35
eingeschränkt,76,74
einhalten,74,74
einige,55,54
einigen,7,7
einigermaßen,3,3
einkaufen,300,297
einladen,11,11
einlegen,8,8
einordnen,54,53
einrichten,29,29
eins,97,97
einsam,223,222
einschlafen,17,17
einschließlich,2,2
einschätzen,30,30
einsehen,9,9
einsetzen,17,16
einst,28,26
einstellen,8,8
einstufen,0,0
einteilen,27,27
eintreten,31,31
eintönig,33,31
einverstanden,43,43
einwickeln,0,0
einzeln,67,66
einziehen,5,5
einzig,27,26
einzigartig,142,141
ekelhaft,43,40
eklig,156,152
elegant,182,176
elektrisch,35,34
elektronisch,29,28
emotional,65,63
empfangen,22,22
empfinden,34,34
empirisch,12,12
enden,12,12
endgültig,74,66
endlich,143,140
endlos,50,49
eng,310,308
engagiert,40,38
enorm,29,29
entdecken,70,69
entfernen,87,87
entfernt,37,36
entführen,1,1
entgegen,7,7
enthalten,17,17
entkommen,6,6
entlang,2,2
entlassen,26,25
entscheiden,114,114
entschuldigen,27,27
entspannen,146,144
entspannt,158,150
entsprechen,4,4
entsprechend,22,22
entstehen,10,10
enttäuscht,24,22
entwickeln,33,33
erarbeiten,11,11
erblicken,9,9
erfahrbar,2,2
erfahren,66,65
erfassen,37,37
erfinden,31,31
erfolgen,0,0
erfolgreich,82,80
erforderlich,20,20
erfordern,3,3
erforschen,31,31
erfrischend,37,37
erfüllen,64,62
ergeben,22,22
ergebnisorientiert,7,6
ergreifen,27,27
ergänzen,42,42
erhalten,118,117
erheblich,3,3
erhöhen,13,13
erinnern,66,66
erkennen,140,140
erklären,305,299
erlauben,50,50
erlaubt,28,28
erleben,49,49
erledigen,131,130
erlernen,22,21
erläutern,57,56
ermitteln,16,16
ermorden,18,18
ermöglichen,12,12
erneuern,52,52
ernst,69,69
erreichen,139,138
errichten,15,15
erschaffen,82,81
erscheinen,20,20
erschienen,2,2
erschießen,0,0
erschrecken,37,36
erschöpft,42,42
ersetzen,24,24
erstatten,10,10
erstellen,46,46
erster,106,105
erstmals,2,2
erstrebenswert,41,37
ersuchen,3,3
ertragen,27,27
erwachsen,116,116
erwarten,28,28
erwecken,5,5
erweitern,40,40
erwerben,19,19
erwiesen,3,3
erwischen,4,4
erwähnen,11,11
erzeugen,15,15
erziehen,13,12
erzielen,5,5
erzählen,93,92
eröffnen,8,8
essen,1169,1162
etablieren,1,1
ethisch,14,14
etwas,109,107
europäisch,3,3
evangelisch,26,26
eventuell,46,46
ewig,90,87
exakt,129,127
existieren,27,25
exklusiv,21,17
explizit,20,20
extra,53,53
extrem,79,78
extrovertiert,34,33
fad,37,37
fahren,336,336
fair,102,102
fallen,170,170
falsch,368,367
familiär,7,7
fangen,35,35
fantastisch,28,26
farbig,62,61
fassen,34,34
fast,116,115
faul,144,143
faulen,2,2
federn,15,15
fegen,39,39
fehlen,62,61
fehlerhaft,35,35
feiern,148,148
fein,124,123
feindlich,18,18
fern,115,113
fertig,287,284
fertigen,15,15
fertigstellen,14,14
festgelegt,37,37
festhalten,90,88
festlegen,38,38
feststellen,43,42
feuern,10,10
fies,77,77
finanzielles,0,0
finanzieren,3,3
finden,181,180
fischen,17,17
fit,85,85
flach,127,127
flauschig,65,64
fleißig,98,92
flexibel,55,54
fliehen,59,58
fließen,38,37
fließend,23,22
flink,36,36
flüchten,44,43
flüssig,115,114
flüstern,14,14
folgen,82,81
folgend,27,27
folglich,14,14
fordern,60,59
formen,34,34
formulieren,13,13
forschen,81,80
fort,16,16
fortbewegen,16,16
fortlaufend,16,16
fortsetzen,10,10
fragen,122,120
französisch,77,73
frech,129,128
frei,622,622
freilich,5,5
freiwillig,96,94
fremd,167,167
freudig,34,34
freuen,46,46
freundlich,422,408
friedlich,72,71
friedvoll,4,5
frieren,37,37
frisch,237,235
froh,103,103
fromm,19,19
fröhlich,256,248
früh,88,85
früher,256,249
funkeln,10,10
funktionieren,41,41
furchtbar,31,30
fähig,22,22
färben,12,11
fördern,25,25
fühlen,176,167
führen,82,80
füllen,19,19
fünf,77,75
fünfzig,11,11
fürchten,4,4
füreinander,8,8
füttern,13,13
ganz,211,210
geben,331,329
gebildet,66,66
geborgen,49,49
gebrauchen,69,68
gebraucht,26,26
gebrechlich,18,16
gebären,6,4
gefangen,72,71
gefrieren,1,1
gefährlich,485,467
gegenseitig,27,27
gegenüber,45,44
gehaltvoll,8,8
geheim,218,217
geheimnisvoll,43,38
gehen,461,461
gehorchen,31,31
gehören,30,29
geil,55,55
geistig,64,64
geizig,34,34
gelassen,41,40
gelb,729,724
gelingen,23,23
gelten,2,2
gemein,347,345
gemeinnützig,9,9
gemeinsam,343,339
gemütlich,565,551
genau,639,634
genauso,34,33
generell,22,22
genesen,6,6
genial,40,40
genießen,71,68
genug,97,97
geordnet,47,47
gerade,260,259
geradeaus,27,25
geraten,4,4
gerecht,166,165
geregelt,20,20
gering,39,39
gern,43,43
gerne,104,104
gesamt,27,26
geschaffen,4,4
geschafft,82,77
geschehen,63,63
geschickt,44,43
geschlossen,103,101
geschützt,39,37
gesellig,41,40
gesellschaftlich,10,10
gesichert,12,12
gestalten,50,50
gestern,81,79
gestreift,42,42
gesund,749,739
gesundheitlich,1,1
gewaltlos,4,4
gewinnen,180,179
gewiss,19,19
gezwungen,32,32
gießen,16,16
glatt,158,154
glauben,134,132
gleich,412,410
gleichgültig,40,39
gleichmäßig,29,26
gleichzeitig,8,8
glänzen,28,28
glänzend,92,89
glücklich,314,299
golden,32,32
graben,46,46
gratis,64,64
grau,454,453
greifen,77,75
grenzenlos,19,19
grillen,32,31
grob,57,57
groß,786,779
großartig,48,46
großzügig,30,29
grundsätzlich,21,21
gruselig,93,80
grübeln,67,64
grün,1434,1405
gründen,16,15
gründlich,37,33
grüßen,8,8
gucken,79,79
gut,1437,1429
gute,60,59
günstig,91,87
haben,325,322
hacken,14,14
halb,42,41
hallo,37,37
halten,181,180
handeln,191,185
hart,380,379
hassen,18,18
hauen,38,38
hauptsächlich,26,24
heften,4,4
heftig,51,49
heil,28,28
heilen,43,43
heilig,47,46
heimlich,65,64
heiraten,34,34
heiter,53,52
heiß,386,382
heißen,15,15
hektisch,32,32
helfen,397,394
hell,358,357
herangehen,2,2
heraus,6,6
herausfinden,57,56
herausragend,30,27
herausstechend,13,12
herrschen,22,21
herstellen,103,103
herum,10,10
herunterfallen,4,4
hervor,1,1
hervorheben,67,65
hervorragend,34,31
herzlich,54,54
heuer,2,2
heulen,17,17
heute,150,150
heutiger,1,1
hier,194,192
hierfür,2,2
hierher,8,8
hierhin,9,9
hilflos,70,70
hilfreich,145,142
hilfsbereit,86,83
hin,33,33
hinab,18,18
hinauf,18,17
hinaus,18,18
hinauszögern,3,3
hinbekommen,3,3
hineingehen,5,4
hinfallen,22,22
hingehen,8,8
hinken,4,4
hinschauen,14,14
hinsichtlich,0,0
hinten,65,65
hinter,16,15
hinterfragen,32,31
hinterlassen,6,6
hinweisen,48,46
hinzu,7,7
hinzufügen,42,41
historisch,29,29
hoch,525,523
hochheben,1,8
hoffen,53,53
hoffentlich,7,7
holen,70,70
human,24,24
humorlos,4,4
hungern,4,4
hungrig,17,17
husten,16,16
hängen,21,21
hässlich,143,137
häufig,144,139
häuslich,6,6
höflich,154,144
hören,248,243
hübsch,126,124
hüpfen,69,68
hüten,10,10
idealistisch,2,2
identisch,23,23
igitt,43,40
illegal,53,53
immer,499,495
immerhin,8,8
indirekt,18,18
individuell,119,114
informativ,17,16
informieren,52,52
inklusive,24,22
innen,62,62
innerhalb,23,23
insbesondere,5,5
insgesamt,18,18
insistieren,3,3
instabil,44,43
intakt,12,11
intelligent,208,204
intensiv,31,30
interessant,325,309
interessiert,38,36
international,58,58
intim,56,55
introvertiert,73,69
involviert,3,3
inzwischen,0,0
irgendetwas,4,4
irgendjemand,1,1
irgendwann,45,44
irgendwas,16,16
irgendwelche,0,0
irgendwie,20,18
irgendwo,48,45
italienisch,20,20
ja,190,187
jawohl,6,6
jedenfalls,4,4
jeder,49,48
jemals,4,4
jetzt,376,375
jeweilig,1,1
jeweils,7,7
jugendlich,22,21
jung,316,314
jährlich,4,4
jüdisch,9,9
kalt,1104,1102
kapieren,26,25
kaputt,412,401
karg,34,33
kariert,36,34
katastrophal,3,3
kategorisieren,18,18
katholisch,113,108
kaufen,298,297
kaum,33,33
kehren,27,27
keine,88,88
keine Ahnung,34,26
keineswegs,6,6
kennen,57,57
kennenlernen,31,30
kennzeichnen,5,5
klappen,15,14
klar,520,515
klassisch,26,21
klatschen,38,38
klauen,69,68
kleben,48,48
klein,955,954
klettern,79,79
klingen,19,19
klirren,2,2
klopfen,13,10
klug,226,225
klären,29,28
knackig,35,34
knapp,104,104
kochen,486,486
komisch,207,204
kommandieren,7,7
kommen,99,98
kommunikativ,11,11
kommunizieren,49,48
komplementär,4,4
komplett,107,105
komplex,63,63
kompliziert,167,164
konkret,47,47
konservativ,137,135
konstant,34,34
konstatieren,1,1
konstruieren,21,21
konstruktiv,30,30
kontrollieren,40,40
konzentrieren,17,17
kopieren,34,34
korrekt,152,151
korrigieren,50,48
kostbar,43,43
kosten,53,53
kostenlos,51,50
kotzen,52,51
krabbeln,45,38
krass,42,42
kratzen,43,42
kreativ,172,169
kreieren,53,41
kreischen,14,14
kriechen,25,24
kriegen,32,31
kritisch,49,47
krumm,62,62
kräftig,51,49
kulturell,8,7
kurz,265,263
kuschelig,115,111
kuscheln,60,58
kämmen,20,19
können,177,176
körperlich,38,37
kühl,122,119
kümmern,45,43
kündigen,23,21
künstlich,49,49
kürzlich,11,11
küssen,41,41
labern,0,29
labil,18,16
lachen,350,349
lagern,10,9
landen,3,3
lang,500,500
lange,168,167
langsam,289,285
langwierig,40,40
lassen,69,69
laufen,472,471
laufend,8,8
launisch,17,17
laut,1199,1196
lebendig,73,70
lebenslänglich,7,5
lebhaft,16,16
lecken,19,19
lecker,791,789
ledig,28,28
lediglich,9,9
leer,197,197
legen,65,65
lehren,73,73
leicht,289,289
leichtsinnig,16,16
leiden,40,40
leidenschaftlich,3,3
leider,30,29
leise,209,209
leisten,29,29
leiten,52,52
lenken,31,31
lernen,1015,1014
lesen,618,618
letzter,38,38
letztlich,7,7
leuchten,39,39
liberal,21,21
lieb,159,159
lieben,119,119
liebevoll,89,88
liefern,16,16
liegen,123,121
lila,86,86
listig,7,7
loben,23,23
locken,11,11
locker,85,85
logisch,122,122
lokal,43,42
loslassen,58,55
loslegen,27,27
loyal,43,43
luftig,24,24
lustig,439,438
lustlos,32,31
lächeln,101,96
lächerlich,26,26
längst,2,1
lärmen,0,0
lässig,36,34
lästig,127,125
löschen,67,67
lösen,96,96
lüften,10,10
machbar,37,35
machen,555,553
mal,14,14
malen,184,184
manchmal,63,60
mangelhaft,17,17
manipulieren,27,27
markieren,51,49
massig,8,8
massiv,23,23
materiell,13,13
matt,21,21
mehr,261,260
mehrdeutig,11,11
mehrere,80,78
mehrfach,23,23
mehrmals,34,33
meiden,14,14
mein,35,34
meinen,59,59
meins,81,79
meinungslos,1,4
meistens,40,39
melden,25,25
melken,13,13
menschlich,125,124
mental,42,41
merken,81,80
merkwürdig,60,59
messen,117,117
mies,28,28
mindestens,16,16
minimal,21,21
mitbringen,10,10
miteinander,117,114
mitfühlen,10,10
mitkommen,9,9
mitmachen,120,119
mitnehmen,20,20
mitteilen,51,51
mittelmäßig,21,21
mitten,0,0
mittig,34,34
modern,162,159
modisch,41,40
monoton,31,31
moralisch,22,22
morgens,90,90
muffig,20,18
munter,30,30
mutig,126,125
mystisch,22,20
mächtig,66,63
männlich,200,195
möchten,17,16
mögen,80,76
möglich,95,94
möglichst,1,1
müde,344,339
mühsam,183,176
mündlich,40,39
müssen,174,173
nachdenken,250,249
nachgeben,33,33
nachgehen,15,15
nachher,66,63
nachkommen,2,2
nachschlagen,42,41
nachsehen,14,14
nachts,23,23
nackt,92,89
nah,130,130
naiv,72,72
namens,0,0
nass,394,394
national,11,11
natürlich,123,121
negativ,420,415
nehmen,174,174
nennen,60,59
nervend,31,31
nervig,479,470
nervös,144,138
nett,482,481
neu,686,684
neues,41,41
neun,44,43
neunzig,9,8
neutral,100,99
nicht,164,163
nichts,176,172
nicken,39,39
nie,139,138
niedrig,47,47
niemals,62,62
nirgendwo,28,25
nochmal,51,50
normal,118,118
normalerweise,14,14
notwendig,266,255
nur,174,174
nutzen,101,101
nutzlos,61,61
nächster,11,11
nähen,104,102
nötig,142,136
nützlich,245,229
oben,244,241
oberflächlich,59,52
objektiv,84,83
obwohl,34,34
ocker,6,6
offen,322,321
offenbar,4,4
offensichtlich,38,36
offiziell,53,48
oft,258,257
ohne,56,53
ohnehin,1,1
okay,60,59
olympisch,0,0
online,84,83
operieren,5,5
orange,182,181
ordentlich,139,135
ordnen,90,89
organisieren,70,68
organisiert,39,38
original,27,25
paar,48,48
packen,56,55
passen,30,29
passend,94,93
passieren,57,57
passiv,48,48
passé,2,2
peinlich,104,104
penibel,36,34
perfekt,87,86
permanent,27,27
persönlich,145,139
pfeifen,11,11
pflegen,47,46
pflücken,18,17
pingelig,40,37
pink,0,54
planen,163,161
planlos,29,29
plus,87,86
plötzlich,98,95
poetisch,4,3
politisch,33,33
populär,19,18
positionieren,7,7
positiv,595,580
prahlen,19,19
praktisch,217,213
prima,23,22
primär,18,18
privat,122,121
pro,31,28
probieren,65,65
produktiv,23,23
produzieren,65,64
prominent,20,19
prägen,4,4
präsentieren,33,32
präzise,82,75
prüde,13,13
prüfen,84,80
putzen,453,452
pünktlich,94,89
radieren,12,12
rar,40,39
rasch,32,31
rasen,37,36
raten,35,35
rational,67,67
rau,48,48
raus,50,49
rauschen,11,11
reagieren,25,24
real,87,86
rechen,6,6
recherchieren,43,42
rechnen,175,175
rechts,90,90
reden,462,460
regelmäßig,59,59
regieren,36,36
regional,29,29
regnen,11,11
reiben,9,9
reich,354,351
reichen,16,16
reif,23,23
rein,121,121
reinigen,64,60
reinkommen,5,4
reiten,45,45
reißen,14,14
relativ,52,51
relaxen,28,27
relevant,33,33
religiös,43,41
renovieren,46,45
reparieren,97,94
respektvoll,16,14
restaurieren,6,6
retten,28,28
revolutionär,2,2
richtig,372,367
riechen,107,107
riesig,71,67
riskieren,7,7
roh,26,26
rollen,35,35
romanisch,5,5
romantisch,67,65
rosa,113,113
rudern,18,18
rufen,50,50
ruhig,310,306
rund,495,495
runter,55,54
russisch,12,12
rückwärts,41,40
rühren,22,22
rütteln,8,8
sachlich,60,60
saftig,27,26
sagen,212,211
salzig,47,46
sammeln,79,79
sanft,111,111
satt,57,57
sauber,492,488
schade,114,112
schaffen,179,178
scharf,380,377
schauen,151,149
schaukeln,28,28
scheiden,5,5
scheinen,25,25
scheitern,37,37
schenken,54,54
scheu,55,54
schick,130,130
schicken,12,11
schieben,32,31
schief,82,81
schießen,58,58
schimpfen,34,34
schlafen,455,452
schlagen,113,111
schlank,59,58
schlau,371,366
schlecht,884,872
schleifen,16,16
schlemmen,6,6
schleppen,19,19
schlicht,26,26
schlichten,26,26
schließen,66,64
schließlich,20,19
schlimm,170,168
schmal,74,74
schmecken,82,81
schmelzen,7,7
schmerzhaft,40,38
schminken,15,14
schmutzig,108,105
schmücken,14,14
schneiden,133,131
schnell,1192,1185
schrecklich,90,89
schreiben,665,661
schreien,118,117
schreiten,10,10
schriftlich,48,47
schrill,49,49
schräg,66,65
schuldig,41,41
schwach,142,140
schwanger,65,65
schwanken,11,11
schwarz,738,734
schwarz-weiß,37,28
schweben,22,22
schweigen,27,27
schwenken,3,3
schwer,654,648
schwerwiegend,7,6
schwimmen,218,217
schwingen,10,10
schwitzen,85,84
schwul,30,30
schwören,5,5
schälen,27,27
schön,1502,1473
schüchtern,142,140
schütteln,51,50
schütten,6,6
schützen,84,82
sechs,43,43
sechzig,9,5
segeln,42,42
sehen,571,568
sehr,126,126
sein,268,268
sekundär,23,21
selbst,77,76
selbstbewusst,64,62
selbstlos,42,42
selbstständig,66,62
selbstverständlich,47,44
selten,356,354
seltsam,110,109
sensibel,48,46
seriös,42,40
setzen,62,61
sexy,93,93
shoppen,0,46
sich verpflichten,3,2
sicher,357,354
sicherlich,15,15
sichern,32,32
sichtbar,69,68
sieben,63,62
siebzig,9,8
sieden,4,4
siegen,17,16
simpel,35,35
singen,194,191
sinken,17,17
sinnlich,23,23
sinnlos,118,116
sinnvoll,113,109
sitzen,270,269
so,41,41
sofort,143,142
sogenannter,0,0
sollen,47,46
solo,0,13
sonnen,8,8
sonnig,28,28
sorgenfrei,21,21
sorglos,40,39
sortieren,112,110
soviel,1,1
sozial,300,298
spalten,11,11
spannend,244,242
sparen,85,85
sparsam,63,61
spartanisch,0,2
spazieren,55,55
speichern,48,48
sperren,3,3
speziell,208,202
spezifisch,22,21
spielen,434,428
spießig,78,74
spionieren,5,5
spitz,90,90
sportlich,68,68
sprechen,444,438
springen,122,121
sprudeln,9,9
spät,104,100
später,152,147
spülen,21,19
spüren,65,62
staatlich,10,10
stabil,98,97
stagnieren,1,1
stammen,0,0
standhalten,5,5
stark,582,578
starr,86,86
starten,81,80
staubig,36,36
staunen,28,28
stechen,66,65
stecken,5,5
stehen,131,131
stehlen,80,78
steif,85,85
steigen,24,23
steil,59,59
stellen,84,84
sterben,129,128
stets,32,32
stillen,12,12
stilvoll,14,14
stimmen,16,16
stimmt,15,14
stinken,81,81
stoppen,93,91
stoßen,18,17
strahlen,32,32
strategisch,3,3
streben,16,16
strebsam,27,25
streicheln,87,87
streichen,43,43
streiten,45,45
streng,169,169
stricken,82,82
strukturieren,14,14
strömen,5,4
studieren,96,96
stumpf,16,16
stur,65,55
stutzig,5,5
ständig,92,84
stärken,10,10
stöhnen,1,1
störend,43,42
stürzen,36,36
subjektiv,99,99
suchen,302,301
summen,26,26
super,195,190
surfen,32,32
sympathisch,79,58
systematisch,25,24
sächlich,6,5
süß,445,445
tanzen,163,163
tapfer,25,25
tatsächlich,33,29
taub,12,12
tauchen,33,33
tausend,10,10
technisch,17,17
teilen,171,170
teilnehmen,68,66
teilweise,19,19
telefonieren,40,40
testen,93,92
teuer,711,711
theoretisch,18,17
tief,246,244
tippen,41,41
tolerant,28,28
toll,298,298
tot,181,181
total,82,82
traditionell,38,36
tragen,160,160
trainieren,39,38
transparent,50,49
trauen,22,22
traurig,669,663
treffen,119,118
treiben,9,9
trennen,102,102
treten,26,26
treu,84,81
trinken,373,371
trist,24,24
trocken,161,160
trocknen,23,23
trotz,18,18
trüb,36,36
trügen,4,4
tschüss,20,20
tun,337,330
täglich,64,63
tätig,6,6
tätigen,4,4
täuschen,21,20
tödlich,29,25
töten,104,101
türkis,6,6
umarmen,53,52
umbringen,25,25
umdrehen,44,44
umfassen,12,12
umfassend,65,63
umgehen,39,39
umkommen,1,1
umrühren,2,2
umschreiben,24,24
umsetzen,53,53
umsonst,98,97
umziehen,29,29
unabhängig,116,113
unabsichtlich,28,27
unauffällig,37,35
unbedacht,23,23
unbedeutend,19,19
unbedingt,35,34
unbenutzt,10,10
unbequem,72,68
unbeschwert,31,30
unbeweglich,36,36
unbewusst,34,32
und,63,63
undeutlich,27,27
undurchsichtig,26,26
unehrlich,49,46
uneigennützig,17,15
uneigentlich,0,6
unendlich,118,116
unentbehrlich,8,8
unentschieden,37,35
unentschlossen,41,39
unersetzlich,7,6
unerwartet,82,81
unfair,130,127
unfertig,21,21
unfrei,45,45
unfreiwillig,28,26
unfreundlich,66,62
ungebraucht,10,10
ungebunden,30,30
ungefähr,60,59
ungemütlich,39,39
ungenau,148,148
ungenügend,35,34
ungerecht,116,116
ungern,45,43
ungesund,163,163
ungetrübt,1,1
ungewollt,43,43
ungewöhnlich,56,51
unglaublich,29,29
ungleich,33,33
ungläubig,5,5
unheimlich,81,80
unhöflich,44,41
uninteressant,56,53
unklar,136,136
unmenschlich,18,18
unmittelbar,23,23
unmodern,42,41
unmöglich,74,73
unnötig,275,263
unnütz,54,53
unregelmäßig,5,5
unruhig,49,48
uns,2,2
unscheinbar,20,20
unschlüssig,9,9
unschuldig,25,24
unschön,58,55
unsicher,310,307
unsichtbar,93,93
unsympathisch,110,90
unten,114,114
unter,42,41
unterdrücken,22,19
untereinander,4,3
untergehen,21,21
unterhalten,23,23
unternehmen,27,26
unterrichten,22,22
unterscheiden,46,46
unterschiedlich,117,113
unterstreichen,28,28
unterstützen,101,100
untersuchen,84,83
unterwegs,37,37
unterwürfig,42,42
unverschämt,25,24
unverständlich,50,48
unveränderlich,10,10
unvollständig,57,52
unvorhersehbar,17,14
unwichtig,135,131
unwohl,59,59
unüberlegt,45,42
ursprünglich,19,19
ursächlich,2,2
vage,40,40
vegan,34,34
veraltet,122,121
verantwortlich,39,39
verantwortungsvoll,12,12
verbal,29,29
verbergen,22,22
verbessern,127,125
verbieten,22,22
verbinden,49,49
verborgen,35,35
verboten,80,80
verbrennen,21,21
verbringen,3,2
verdammen,1,1
verdammt,4,4
verderben,2,2
verdeutlichen,28,28
verdienen,46,46
vereinigen,2,2
verfaulen,0,0
verfolgen,48,47
verfügen,5,5
verführen,13,13
vergangen,85,84
vergebens,26,26
vergessen,149,148
vergesslich,29,27
vergleichen,48,48
vergnügen,12,12
vergrößern,30,29
verhaften,5,5
verhandeln,32,31
verharren,5,5
verheiratet,32,31
verhindern,29,29
verhältnismäßig,2,2
verifizieren,13,11
verinnerlichen,4,4
verirren,15,14
verkaufen,75,75
verklemmt,25,25
verlangen,40,39
verlassen,110,110
verlaufen,24,23
verletzen,45,45
verletzt,29,28
verliebt,54,52
verlieren,169,168
verloren,119,119
verlängern,15,15
verlässlich,50,49
vermeiden,96,95
vermissen,41,41
vermitteln,25,25
vermuten,32,32
vermutlich,17,17
vernehmen,1,1
verneinen,21,21
vernichten,19,19
vernünftig,52,50
verpassen,19,19
verpflichten,3,3
verraten,14,13
verrückt,118,110
verschenken,17,16
verschieden,168,167
verschlechtern,4,4
verschlossen,45,45
verschweigen,3,3
verschwinden,43,40
verschwommen,31,30
versinken,15,15
versorgen,24,23
versorgt,1,1
versprechen,42,40
verstecken,126,125
versteckt,101,100
verstehen,382,375
verständlich,59,58
verstärken,3,2
versuchen,76,74
verteidigen,35,35
verteilen,23,23
vertrauen,160,160
vertraulich,27,27
vertraut,72,71
vertreten,20,19
verursachen,8,8
verurteilen,27,27
vervollständigen,18,17
verwandt,26,26
verweigern,25,24
verwenden,58,57
verwerfen,6,6
verwirklichen,13,13
verwirren,2,2
verwirrt,74,73
verzichten,9,9
verändern,79,78
veröffentlichen,11,11
viel,581,581
viele,316,313
vielfach,3,3
vielfältig,55,54
vielmehr,1,1
vielseitig,43,43
vier,63,63
vierzig,10,10
violett,30,30
visuell,35,34
voll,295,294
vollkommen,37,34
vollständig,107,104
von,35,34
voraus,8,5
vorbei,197,196
vorbereiten,29,28
vorführen,8,8
vorgehen,10,10
vorhanden,24,24
vorher,83,82
vorhin,13,13
vorkommen,9,9
vorne,60,60
vornehm,43,43
vornehmen,13,12
vorsehen,2,2
vorsichtig,103,100
vorstellen,36,35
vorwärts,90,86
völlig,18,18
wach,73,73
wachsen,86,86
wackelig,42,42
wagen,46,46
wahnsinnig,10,10
wahr,81,81
wahren,10,10
wahrnehmen,84,83
wahrscheinlich,53,50
wandern,159,159
warm,1112,1110
warten,298,298
warum,114,104
waschen,216,216
wechselhaft,16,16
wechseln,33,32
weder,0,0
weggehen,103,100
weglaufen,40,40
wegmachen,14,14
wegwerfen,44,43
weh,31,30
wehen,15,15
weiblich,192,192
weich,465,463
weil,87,87
weinen,184,182
weisen,10,9
weit,261,260
weiter,95,92
weiterentwickeln,5,4
weiterführend,7,7
weitergeben,32,31
weiterhin,10,8
weiterkommen,18,18
weitermachen,58,58
weitgehend,1,1
weiß,764,762
wenden,34,34
wenig,444,441
wenige,67,67
weniger,66,66
werden,29,29
werfen,44,44
werten,9,9
wertvoll,259,255
wesentlich,17,16
westlich,21,21
wichtig,1446,1425
wiederholen,60,60
wiedersehen,10,10
wiederum,3,3
wild,100,100
willkommen,30,27
willkürlich,7,7
winken,27,27
winzig,31,31
wirken,8,8
wirklich,105,99
wirtschaftlich,19,19
wissen,384,384
wissenschaftlich,42,42
witzig,57,55
woanders,7,7
wohlfühlen,97,95
wohnen,101,100
wollen,216,215
worauf,5,4
wunderbar,54,54
wählen,104,102
wöchentlich,14,14
wünschen,42,41
wütend,110,107
zahlen,126,123
zahlreich,7,7
zart,84,82
zaubern,30,29
zehn,58,58
zeichnen,124,123
zeigen,259,258
zentral,53,52
zerbrechen,22,22
zerbrechlich,72,70
zerstreut,11,11
zerstören,80,74
ziehen,129,127
ziellos,22,22
zielstrebig,56,55
ziemlich,16,14
zitieren,13,12
zittern,54,54
zocken,21,21
zu,165,163
zu Hause,127,127
zubereiten,10,10
zudecken,10,10
zudem,13,13
zuerst,59,59
zufrieden,164,163
zufällig,27,27
zugeben,24,24
zuhören,131,130
zulassen,21,21
zuletzt,27,27
zumachen,27,27
zumuten,4,4
zunehmend,2,2
zupfen,32,31
zurzeit,3,2
zurückhaltend,94,92
zurückkommen,4,4
zusagen,31,31
zusammen,465,460
zusammenleben,6,6
zustimmen,110,109
zuständig,10,10
zusätzlich,85,85
zuverlässig,78,76
zuvor,20,19
zwecklos,18,18
zwei,234,232
zweideutig,26,26
zweimal,6,6
zweiter,42,41
zwingen,21,21
zwischenmenschlich,18,17
zäh,40,39
zählen,52,47
zögern,34,32
zügig,19,19
Ägypten,73,52
Ähnlichkeit,22,15
Änderung,65,51
Äpfel,70,58
Ära,36,27
Ärmel,19,16
Äthanol,0,0
Äther,6,3
Äthiopien,2,1
Öffentlichkeit,37,31
Öko,39,23
Ökologie,24,21
Ökonomie,42,30
Öl,288,217
Österreich,282,240
Übel,17,15
Übelkeit,93,76
Überblick,64,55
Übereinkunft,28,26
Überfall,46,38
Überfluss,57,43
Übergang,35,29
Übergewicht,44,37
Überlegung,58,53
Übernahme,8,8
Überraschung,163,129
Überschrift,50,45
Übersetzung,28,25
Übersicht,71,62
Überwachung,37,31
Überwindung,28,25
Überzeugung,50,41
Übung,75,57
ähnlich,64,59
ändern,63,61
ängstlich,105,103
ärgerlich,78,74
ärgern,46,45
ätzend,112,110
äußerst,8,7
öde,71,67
öffentlich,50,50
ökonomisch,24,22
örtlich,28,27
österreichisch,3,3
östlich,28,28
üben,97,96
über,49,47
überall,46,43
überbewertet,17,17
überbringen,10,10
überflüssig,123,119
übergeben,59,58
überleben,35,34
überlegen,165,160
überlegend,4,4
überlegt,74,72
übernatürlich,10,10
übernehmen,22,20
überprüfen,49,48
überraschend,62,61
überrascht,25,25
überreden,23,22
übersetzen,16,16
überstehen,9,8
übertragen,10,10
übertreten,8,8
übertrieben,43,42
überwiegend,13,12
überwinden,64,62
überzeugen,71,69
übrig,24,23
