"cue","source","section"
"Autostopp","typo_fix","set_2022"
"beeinflussen","typo_fix","set_2022"
"bejahen","typo_fix","set_2022"
"Bouzouki","typo_fix","set_2022"
"fleißig","typo_fix","set_2022"
"Komponente","typo_fix","set_2022"
"Kompromiss","typo_fix","set_2022"
"Metaebene","typo_fix","set_2022"
"Nirwana","typo_fix","set_2022"
"Österreich","typo_fix","set_2022"
"Résumé","typo_fix","set_2022"
"Separation","typo_fix","set_2022"
"Südafrika","typo_fix","set_2022"
"Trikolore","typo_fix","set_2022"
"Überfluss","typo_fix","set_2022"
"fähig","typo_fix","set_2022"
"Autofahren","typo_fix","set_2022"
"Neid","typo_fix","set_2022"
"Stopp","typo_fix","set_2022"
"Einsicht","typo_fix","set_2022"
"Führer","typo_fix","set_2022"
"Magazin","typo_fix","set_2022"
"Scheiße","typo_fix","set_2022"
"töten","NorthEuraLex","set_2022"
"niemals","NorthEuraLex","set_2022"
"unten","NorthEuraLex","set_2022"
"verschwinden","NorthEuraLex","set_2022"
"vorher","NorthEuraLex","set_2022"
"geschickt","NorthEuraLex","set_2022"
"schicken","NorthEuraLex","set_2022"
"Ruf","NorthEuraLex","set_2022"
"heiß","NorthEuraLex","set_2022"
"Rücken","NorthEuraLex","set_2022"
"hübsch","NorthEuraLex","set_2022"
"stecken","NorthEuraLex","set_2022"
"Spur","NorthEuraLex","set_2022"
"Tor","NorthEuraLex","set_2022"
"Ecke","NorthEuraLex","set_2022"
"Ehemann","NorthEuraLex","set_2022"
"Gang","NorthEuraLex","set_2022"
"geschlossen","NorthEuraLex","set_2022"
"Knie","NorthEuraLex","set_2022"
"dorthin","NorthEuraLex","set_2022"
"stören","NorthEuraLex","set_2022"
"zurückkommen","NorthEuraLex","set_2022"
"jagen","NorthEuraLex","set_2022"
"enden","NorthEuraLex","set_2022"
"Großmutter","NorthEuraLex","set_2022"
"fliehen","NorthEuraLex","set_2022"
"Freitag","NorthEuraLex","set_2022"
"geraten","NorthEuraLex","set_2022"
"ertragen","NorthEuraLex","set_2022"
"Bulle","NorthEuraLex","set_2022"
"zählen","NorthEuraLex","set_2022"
"hungrig","NorthEuraLex","set_2022"
"steigen","NorthEuraLex","set_2022"
"Sack","NorthEuraLex","set_2022"
"dicht","NorthEuraLex","set_2022"
"Montag","NorthEuraLex","set_2022"
"wechseln","NorthEuraLex","set_2022"
"Samstag","NorthEuraLex","set_2022"
"drücken","NorthEuraLex","set_2022"
"Schulter","NorthEuraLex","set_2022"
"Griff","NorthEuraLex","set_2022"
"packen","NorthEuraLex","set_2022"
"Angelegenheit","NorthEuraLex","set_2022"
"verteidigen","NorthEuraLex","set_2022"
"hauen","NorthEuraLex","set_2022"
"Höhle","NorthEuraLex","set_2022"
"treiben","NorthEuraLex","set_2022"
"Rauch","NorthEuraLex","set_2022"
"Donnerstag","NorthEuraLex","set_2022"
"Puppe","NorthEuraLex","set_2022"
"berühren","NorthEuraLex","set_2022"
"ausziehen","NorthEuraLex","set_2022"
"vorbereiten","NorthEuraLex","set_2022"
"einst","NorthEuraLex","set_2022"
"Atem","NorthEuraLex","set_2022"
"tausend","NorthEuraLex","set_2022"
"taub","NorthEuraLex","set_2022"
"einladen","NorthEuraLex","set_2022"
"sammeln","NorthEuraLex","set_2022"
"Dienstag","NorthEuraLex","set_2022"
"verbergen","NorthEuraLex","set_2022"
"klingen","NorthEuraLex","set_2022"
"Asche","NorthEuraLex","set_2022"
"Haken","NorthEuraLex","set_2022"
"verbrennen","NorthEuraLex","set_2022"
"Sünde","NorthEuraLex","set_2022"
"Hügel","NorthEuraLex","set_2022"
"Brett","NorthEuraLex","set_2022"
"aufwachen","NorthEuraLex","set_2022"
"abnehmen","NorthEuraLex","set_2022"
"fürchten","NorthEuraLex","set_2022"
"Mittwoch","NorthEuraLex","set_2022"
"Handtuch","NorthEuraLex","set_2022"
"wecken","NorthEuraLex","set_2022"
"Kehle","NorthEuraLex","set_2022"
"graben","NorthEuraLex","set_2022"
"beherrschen","NorthEuraLex","set_2022"
"betrügen","NorthEuraLex","set_2022"
"umdrehen","NorthEuraLex","set_2022"
"mitteilen","NorthEuraLex","set_2022"
"Stirn","NorthEuraLex","set_2022"
"täuschen","NorthEuraLex","set_2022"
"Winkel","NorthEuraLex","set_2022"
"reißen","NorthEuraLex","set_2022"
"ärgern","NorthEuraLex","set_2022"
"Pfad","NorthEuraLex","set_2022"
"kehren","NorthEuraLex","set_2022"
"zurücklassen","NorthEuraLex","set_2022"
"beißen","NorthEuraLex","set_2022"
"Rand","NorthEuraLex","set_2022"
"hierhin","NorthEuraLex","set_2022"
"rückwärts","NorthEuraLex","set_2022"
"füllen","NorthEuraLex","set_2022"
"unterrichten","NorthEuraLex","set_2022"
"reif","NorthEuraLex","set_2022"
"belästigen","NorthEuraLex","set_2022"
"füttern","NorthEuraLex","set_2022"
"Gelächter","NorthEuraLex","set_2022"
"Rohr","NorthEuraLex","set_2022"
"heulen","NorthEuraLex","set_2022"
"bewachen","NorthEuraLex","set_2022"
"stoßen","NorthEuraLex","set_2022"
"Nest","NorthEuraLex","set_2022"
"Stab","NorthEuraLex","set_2022"
"abschneiden","NorthEuraLex","set_2022"
"geradeaus","NorthEuraLex","set_2022"
"Genick","NorthEuraLex","set_2022"
"hinauf","NorthEuraLex","set_2022"
"schlucken","NorthEuraLex","set_2022"
"kräftig","NorthEuraLex","set_2022"
"regnen","NorthEuraLex","set_2022"
"lecken","NorthEuraLex","set_2022"
"Zeh","NorthEuraLex","set_2022"
"Topf","NorthEuraLex","set_2022"
"Stange","NorthEuraLex","set_2022"
"Ärmel","NorthEuraLex","set_2022"
"untergehen","NorthEuraLex","set_2022"
"Kragen","NorthEuraLex","set_2022"
"Kamerad","NorthEuraLex","set_2022"
"flüchten","NorthEuraLex","set_2022"
"Ufer","NorthEuraLex","set_2022"
"sinken","NorthEuraLex","set_2022"
"Bucht","NorthEuraLex","set_2022"
"zerbrechen","NorthEuraLex","set_2022"
"übersetzen","NorthEuraLex","set_2022"
"Kiefer","NorthEuraLex","set_2022"
"Kinn","NorthEuraLex","set_2022"
"kratzen","NorthEuraLex","set_2022"
"schütteln","NorthEuraLex","set_2022"
"aufhängen","NorthEuraLex","set_2022"
"Brei","NorthEuraLex","set_2022"
"anzünden","NorthEuraLex","set_2022"
"Schnurrbart","NorthEuraLex","set_2022"
"Wange","NorthEuraLex","set_2022"
"Gipfel","NorthEuraLex","set_2022"
"klingeln","NorthEuraLex","set_2022"
"Neuigkeit","NorthEuraLex","set_2022"
"auswählen","NorthEuraLex","set_2022"
"abreißen","NorthEuraLex","set_2022"
"aufziehen","NorthEuraLex","set_2022"
"beugen","NorthEuraLex","set_2022"
"schlank","NorthEuraLex","set_2022"
"hacken","NorthEuraLex","set_2022"
"biegen","NorthEuraLex","set_2022"
"schwingen","NorthEuraLex","set_2022"
"Fußboden","NorthEuraLex","set_2022"
"Schnur","NorthEuraLex","set_2022"
"reiben","NorthEuraLex","set_2022"
"Frost","NorthEuraLex","set_2022"
"Bündel","NorthEuraLex","set_2022"
"schleppen","NorthEuraLex","set_2022"
"Kuckuck","NorthEuraLex","set_2022"
"läuten","NorthEuraLex","set_2022"
"schmelzen","NorthEuraLex","set_2022"
"hüten","NorthEuraLex","set_2022"
"Regenbogen","NorthEuraLex","set_2022"
"aufbewahren","NorthEuraLex","set_2022"
"Wiege","NorthEuraLex","set_2022"
"Festland","NorthEuraLex","set_2022"
"Lippe","NorthEuraLex","set_2022"
"faulen","NorthEuraLex","set_2022"
"aufgehen","NorthEuraLex","set_2022"
"zerreißen","NorthEuraLex","set_2022"
"Schlinge","NorthEuraLex","set_2022"
"Kessel","NorthEuraLex","set_2022"
"frieren","NorthEuraLex","set_2022"
"Schwarm","NorthEuraLex","set_2022"
"Kante","NorthEuraLex","set_2022"
"bellen","NorthEuraLex","set_2022"
"sausen","NorthEuraLex","set_2022"
"wiegen","NorthEuraLex","set_2022"
"dreißig","NorthEuraLex","set_2022"
"behindern","NorthEuraLex","set_2022"
"abwischen","NorthEuraLex","set_2022"
"Strömung","NorthEuraLex","set_2022"
"Stütze","NorthEuraLex","set_2022"
"geizig","NorthEuraLex","set_2022"
"Wurzel","NorthEuraLex","set_2022"
"Heu","NorthEuraLex","set_2022"
"hinab","NorthEuraLex","set_2022"
"trocknen","NorthEuraLex","set_2022"
"hineingehen","NorthEuraLex","set_2022"
"vereinigen","NorthEuraLex","set_2022"
"bedecken","NorthEuraLex","set_2022"
"Schaum","NorthEuraLex","set_2022"
"Lagerfeuer","NorthEuraLex","set_2022"
"roh","NorthEuraLex","set_2022"
"umkommen","NorthEuraLex","set_2022"
"abfahren","NorthEuraLex","set_2022"
"schleifen","NorthEuraLex","set_2022"
"vierzig","NorthEuraLex","set_2022"
"Zweig","NorthEuraLex","set_2022"
"versinken","NorthEuraLex","set_2022"
"schwenken","NorthEuraLex","set_2022"
"pflücken","NorthEuraLex","set_2022"
"gießen","NorthEuraLex","set_2022"
"hochheben","NorthEuraLex","set_2022"
"spülen","NorthEuraLex","set_2022"
"fünfzig","NorthEuraLex","set_2022"
"schaukeln","NorthEuraLex","set_2022"
"Oberschenkel","NorthEuraLex","set_2022"
"zubereiten","NorthEuraLex","set_2022"
"Lehm","NorthEuraLex","set_2022"
"genesen","NorthEuraLex","set_2022"
"schreiten","NorthEuraLex","set_2022"
"Ader","NorthEuraLex","set_2022"
"Saat","NorthEuraLex","set_2022"
"Erzählung","NorthEuraLex","set_2022"
"färben","NorthEuraLex","set_2022"
"vergebens","NorthEuraLex","set_2022"
"Krähe","NorthEuraLex","set_2022"
"Laus","NorthEuraLex","set_2022"
"strömen","NorthEuraLex","set_2022"
"eilen","NorthEuraLex","set_2022"
"Funke","NorthEuraLex","set_2022"
"Arznei","NorthEuraLex","set_2022"
"beschädigen","NorthEuraLex","set_2022"
"Schwan","NorthEuraLex","set_2022"
"stumpf","NorthEuraLex","set_2022"
"Klaue","NorthEuraLex","set_2022"
"zunehmen","NorthEuraLex","set_2022"
"schimpfen","NorthEuraLex","set_2022"
"Handfläche","NorthEuraLex","set_2022"
"vernehmen","NorthEuraLex","set_2022"
"fegen","NorthEuraLex","set_2022"
"Hecht","NorthEuraLex","set_2022"
"schütten","NorthEuraLex","set_2022"
"melken","NorthEuraLex","set_2022"
"Riemen","NorthEuraLex","set_2022"
"einwickeln","NorthEuraLex","set_2022"
"Kralle","NorthEuraLex","set_2022"
"rudern","NorthEuraLex","set_2022"
"schmücken","NorthEuraLex","set_2022"
"Ferse","NorthEuraLex","set_2022"
"Ellenbogen","NorthEuraLex","set_2022"
"prahlen","NorthEuraLex","set_2022"
"Nabel","NorthEuraLex","set_2022"
"Rinde","NorthEuraLex","set_2022"
"hinfallen","NorthEuraLex","set_2022"
"antreiben","NorthEuraLex","set_2022"
"kämmen","NorthEuraLex","set_2022"
"Anhöhe","NorthEuraLex","set_2022"
"Speise","NorthEuraLex","set_2022"
"zudecken","NorthEuraLex","set_2022"
"Barsch","NorthEuraLex","set_2022"
"verfaulen","NorthEuraLex","set_2022"
"schwanken","NorthEuraLex","set_2022"
"Abhang","NorthEuraLex","set_2022"
"sechzig","NorthEuraLex","set_2022"
"achtzig","NorthEuraLex","set_2022"
"donnern","NorthEuraLex","set_2022"
"gefrieren","NorthEuraLex","set_2022"
"anbinden","NorthEuraLex","set_2022"
"Fingernagel","NorthEuraLex","set_2022"
"Beere","NorthEuraLex","set_2022"
"Tanne","NorthEuraLex","set_2022"
"Kranich","NorthEuraLex","set_2022"
"rütteln","NorthEuraLex","set_2022"
"umrühren","NorthEuraLex","set_2022"
"Birke","NorthEuraLex","set_2022"
"tauen","NorthEuraLex","set_2022"
"Sehne","NorthEuraLex","set_2022"
"Raureif","NorthEuraLex","set_2022"
"siebzig","NorthEuraLex","set_2022"
"neunzig","NorthEuraLex","set_2022"
"wehen","NorthEuraLex","set_2022"
"sieden","NorthEuraLex","set_2022"
"funkeln","NorthEuraLex","set_2022"
"lärmen","NorthEuraLex","set_2022"
"klirren","NorthEuraLex","set_2022"
"brausen","NorthEuraLex","set_2022"
"rauschen","NorthEuraLex","set_2022"
"pfeifen","NorthEuraLex","set_2022"
"stöhnen","NorthEuraLex","set_2022"
"husten","NorthEuraLex","set_2022"
"klopfen","NorthEuraLex","set_2022"
"fischen","NorthEuraLex","set_2022"
"hallo","SUBTLEX","set_2022"
"raus","SUBTLEX","set_2022"
"Jack","SUBTLEX","set_2022"
"dran","SUBTLEX","set_2022"
"Kerl","SUBTLEX","set_2022"
"verdammen","SUBTLEX","set_2022"
"runter","SUBTLEX","set_2022"
"fast","SUBTLEX","set_2022"
"ziemlich","SUBTLEX","set_2022"
"Entschuldigung","SUBTLEX","set_2022"
"Dollar","SUBTLEX","set_2022"
"drauf","SUBTLEX","set_2022"
"bloß","SUBTLEX","set_2022"
"irgendwie","SUBTLEX","set_2022"
"hierher","SUBTLEX","set_2022"
"irgendwas","SUBTLEX","set_2022"
"Szene","SUBTLEX","set_2022"
"Kumpel","SUBTLEX","set_2022"
"nochmal","SUBTLEX","set_2022"
"weh","SUBTLEX","set_2022"
"drüben","SUBTLEX","set_2022"
"entschuldigen","SUBTLEX","set_2022"
"wiedersehen","SUBTLEX","set_2022"
"Zeug","SUBTLEX","set_2022"
"umbringen","SUBTLEX","set_2022"
"irgendwo","SUBTLEX","set_2022"
"willkommen","SUBTLEX","set_2022"
"total","SUBTLEX","set_2022"
"interessiert","SUBTLEX","set_2022"
"Arschloch","SUBTLEX","set_2022"
"heraus","SUBTLEX","set_2022"
"genauso","SUBTLEX","set_2022"
"Liebling","SUBTLEX","set_2022"
"hinten","SUBTLEX","set_2022"
"jemals","SUBTLEX","set_2022"
"eher","SUBTLEX","set_2022"
"vorsichtig","SUBTLEX","set_2022"
"Klappe","SUBTLEX","set_2022"
"Verzeihung","SUBTLEX","set_2022"
"großartig","SUBTLEX","set_2022"
"unterwegs","SUBTLEX","set_2022"
"unmöglich","SUBTLEX","set_2022"
"leider","SUBTLEX","set_2022"
"Weile","SUBTLEX","set_2022"
"verheiratet","SUBTLEX","set_2022"
"unbedingt","SUBTLEX","set_2022"
"witzig","SUBTLEX","set_2022"
"nämlich","SUBTLEX","set_2022"
"Sheriff","SUBTLEX","set_2022"
"beschützen","SUBTLEX","set_2022"
"erwischen","SUBTLEX","set_2022"
"fort","SUBTLEX","set_2022"
"Bescheid","SUBTLEX","set_2022"
"schwören","SUBTLEX","set_2022"
"Maul","SUBTLEX","set_2022"
"verraten","SUBTLEX","set_2022"
"gebären","SUBTLEX","set_2022"
"Untertitel","SUBTLEX","set_2022"
"dauern","SUBTLEX","set_2022"
"wütend","SUBTLEX","set_2022"
"Bord","SUBTLEX","set_2022"
"Lauf","SUBTLEX","set_2022"
"namens","SUBTLEX","set_2022"
"ewig","SUBTLEX","set_2022"
"absolut","SUBTLEX","set_2022"
"irgendetwas","SUBTLEX","set_2022"
"vorne","SUBTLEX","set_2022"
"Glückwunsch","SUBTLEX","set_2022"
"wach","SUBTLEX","set_2022"
"Mission","SUBTLEX","set_2022"
"jawohl","SUBTLEX","set_2022"
"Monster","SUBTLEX","set_2022"
"hinter","SUBTLEX","set_2022"
"wunderbar","SUBTLEX","set_2022"
"Güte","SUBTLEX","set_2022"
"wunderschön","SUBTLEX","set_2022"
"herausfinden","SUBTLEX","set_2022"
"überrascht","SUBTLEX","set_2022"
"gefangen","SUBTLEX","set_2022"
"besorgen","SUBTLEX","set_2022"
"mitnehmen","SUBTLEX","set_2022"
"besorgt","SUBTLEX","set_2022"
"obwohl","SUBTLEX","set_2022"
"schwanger","SUBTLEX","set_2022"
"entkommen","SUBTLEX","set_2022"
"Lady","SUBTLEX","set_2022"
"ungefähr","SUBTLEX","set_2022"
"drinnen","SUBTLEX","set_2022"
"Knast","SUBTLEX","set_2022"
"pro","SUBTLEX","set_2022"
"wetten","SUBTLEX","set_2022"
"weder","SUBTLEX","set_2022"
"Bar","SUBTLEX","set_2022"
"hoffentlich","SUBTLEX","set_2022"
"tschüss","SUBTLEX","set_2022"
"erschießen","SUBTLEX","set_2022"
"entlang","SUBTLEX","set_2022"
"Amerikaner","SUBTLEX","set_2022"
"Abendessen","SUBTLEX","set_2022"
"irgendwann","SUBTLEX","set_2022"
"Van","SUBTLEX","set_2022"
"zuvor","SUBTLEX","set_2022"
"Drink","SUBTLEX","set_2022"
"Quatsch","SUBTLEX","set_2022"
"furchtbar","SUBTLEX","set_2022"
"verpassen","SUBTLEX","set_2022"
"Drehbuch","SUBTLEX","set_2022"
"Schätzchen","SUBTLEX","set_2022"
"Deal","SUBTLEX","set_2022"
"verhaften","SUBTLEX","set_2022"
"drüber","SUBTLEX","set_2022"
"Major","SUBTLEX","set_2022"
"unterhalten","SUBTLEX","set_2022"
"mitbringen","SUBTLEX","set_2022"
"mitten","SUBTLEX","set_2022"
"vorhin","SUBTLEX","set_2022"
"zufällig","SUBTLEX","set_2022"
"jedenfalls","SUBTLEX","set_2022"
"irgendwelche","SUBTLEX","set_2022"
"diesmal","SUBTLEX","set_2022"
"antun","SUBTLEX","set_2022"
"mitkommen","SUBTLEX","set_2022"
"Mark","SUBTLEX","set_2022"
"schließlich","SUBTLEX","set_2022"
"wahren","SUBTLEX","set_2022"
"ermorden","SUBTLEX","set_2022"
"längst","SUBTLEX","set_2022"
"Meilen","SUBTLEX","set_2022"
"Bastard","SUBTLEX","set_2022"
"Terrorist","SUBTLEX","set_2022"
"fantastisch","SUBTLEX","set_2022"
"vollkommen","SUBTLEX","set_2022"
"Marge","SUBTLEX","set_2022"
"lächerlich","SUBTLEX","set_2022"
"matt","SUBTLEX","set_2022"
"Club","SUBTLEX","set_2022"
"behandeln","SUBTLEX","set_2022"
"fair","SUBTLEX","set_2022"
"Bürgermeister","SUBTLEX","set_2022"
"lauten","SUBTLEX","set_2022"
"feuern","SUBTLEX","set_2022"
"zumindest","SUBTLEX","set_2022"
"hinaus","SUBTLEX","set_2022"
"hinken","SUBTLEX","set_2022"
"Kurs","SUBTLEX","set_2022"
"nachts","SUBTLEX","set_2022"
"Schande","SUBTLEX","set_2022"
"Story","SUBTLEX","set_2022"
"Mädel","SUBTLEX","set_2022"
"worauf","SUBTLEX","set_2022"
"Code","SUBTLEX","set_2022"
"angreifen","SUBTLEX","set_2022"
"Direktor","SUBTLEX","set_2022"
"Trottel","SUBTLEX","set_2022"
"Luke","SUBTLEX","set_2022"
"Kuss","SUBTLEX","set_2022"
"kontrollieren","SUBTLEX","set_2022"
"überprüfen","SUBTLEX","set_2022"
"Schuss","SUBTLEX","set_2022"
"Braut","SUBTLEX","set_2022"
"wahnsinnig","SUBTLEX","set_2022"
"Blödsinn","SUBTLEX","set_2022"
"Rache","SUBTLEX","set_2022"
"abholen","SUBTLEX","set_2022"
"hinein","SUBTLEX","set_2022"
"entführen","SUBTLEX","set_2022"
"Anführer","SUBTLEX","set_2022"
"außerhalb","SUBTLEX","set_2022"
"Washington","SUBTLEX","set_2022"
"ausgehen","SUBTLEX","set_2022"
"Fang","SUBTLEX","set_2022"
"Song","SUBTLEX","set_2022"
"Verräter","SUBTLEX","set_2022"
"Nachmittag","SUBTLEX","set_2022"
"Video","SUBTLEX","set_2022"
"landen","SUBTLEX","set_2022"
"Sendung","SUBTLEX","set_2022"
"woanders","SUBTLEX","set_2022"
"CIA","SUBTLEX","set_2022"
"schwul","SUBTLEX","set_2022"
"Deckung","SUBTLEX","set_2022"
"Gentleman","SUBTLEX","set_2022"
"Los Angeles","SUBTLEX","set_2022"
"nirgendwo","SUBTLEX","set_2022"
"Episode","SUBTLEX","set_2022"
"mindestens","SUBTLEX","set_2022"
"Sydney","SUBTLEX","set_2022"
"Roboter","SUBTLEX","set_2022"
"verursachen","SUBTLEX","set_2022"
"morgens","SUBTLEX","set_2022"
"heilig","SUBTLEX","set_2022"
"Selbstmord","SUBTLEX","set_2022"
"Explosion","SUBTLEX","set_2022"
"zweimal","SUBTLEX","set_2022"
"verdammt","SUBTLEX","set_2022"
"reinkommen","SUBTLEX","set_2022"
"Killer","SUBTLEX","set_2022"
"Kapitän","SUBTLEX","set_2022"
"nachher","SUBTLEX","set_2022"
"entlassen","SUBTLEX","set_2022"
"Schnauze","SUBTLEX","set_2022"
"besprechen","SUBTLEX","set_2022"
"Zelle","SUBTLEX","set_2022"
"kapieren","SUBTLEX","set_2022"
"Staffel","SUBTLEX","set_2022"
"herzlich","SUBTLEX","set_2022"
"verwirren","SUBTLEX","set_2022"
"beeilen","SUBTLEX","set_2022"
"Pfund","SUBTLEX","set_2022"
"Regisseur","SUBTLEX","set_2022"
"Senator","SUBTLEX","set_2022"
"unschuldig","SUBTLEX","set_2022"
"enttäuscht","SUBTLEX","set_2022"
"irgendjemand","SUBTLEX","set_2022"
"riskieren","SUBTLEX","set_2022"
"Flotte","SUBTLEX","set_2022"
"vernichten","SUBTLEX","set_2022"
"durcheinander","SUBTLEX","set_2022"
"Priester","SUBTLEX","set_2022"
"Truppe","SUBTLEX","set_2022"
"Lügner","SUBTLEX","set_2022"
"Dreh","SUBTLEX","set_2022"
"akzeptieren","SUBTLEX","set_2022"
"normalerweise","SUBTLEX","set_2022"
"ebenfalls","SUBTLEX","set_2022"
"beinahe","SUBTLEX","set_2022"
"stammen","SUBTLEX","set_2022"
"beruhigen","SUBTLEX","set_2022"
"voraus","SUBTLEX","set_2022"
"Dummkopf","SUBTLEX","set_2022"
"Universum","SUBTLEX","set_2022"
"SPD","DeReKo","set_2022"
"Weblink","DeReKo","set_2022"
"derzeit","DeReKo","set_2022"
"Trainer","DeReKo","set_2022"
"Saison","DeReKo","set_2022"
"Milliarde","DeReKo","set_2022"
"Beifall","DeReKo","set_2022"
"Schweizer","DeReKo","set_2022"
"jeweils","DeReKo","set_2022"
"FDP","DeReKo","set_2022"
"Berliner","DeReKo","set_2022"
"erstmals","DeReKo","set_2022"
"Spieler","DeReKo","set_2022"
"zudem","DeReKo","set_2022"
"Besucher","DeReKo","set_2022"
"folgend","DeReKo","set_2022"
"Einzelnachweis","DeReKo","set_2022"
"Grüne","DeReKo","set_2022"
"inzwischen","DeReKo","set_2022"
"Ausstellung","DeReKo","set_2022"
"Kilometer","DeReKo","set_2022"
"beispielsweise","DeReKo","set_2022"
"Franken","DeReKo","set_2022"
"künftig","DeReKo","set_2022"
"bislang","DeReKo","set_2022"
"offenbar","DeReKo","set_2022"
"Nürnberg","DeReKo","set_2022"
"aufgrund","DeReKo","set_2022"
"Wiener","DeReKo","set_2022"
"insbesondere","DeReKo","set_2022"
"CSU","DeReKo","set_2022"
"Redaktion","DeReKo","set_2022"
"Koblenz","DeReKo","set_2022"
"Veröffentlichung","DeReKo","set_2022"
"Sprecher","DeReKo","set_2022"
"teilweise","DeReKo","set_2022"
"Partie","DeReKo","set_2022"
"Landkreis","DeReKo","set_2022"
"dennoch","DeReKo","set_2022"
"mittlerweile","DeReKo","set_2022"
"einsetzen","DeReKo","set_2022"
"Feuerwehr","DeReKo","set_2022"
"Stand","DeReKo","set_2022"
"stets","DeReKo","set_2022"
"Vorsitzende","DeReKo","set_2022"
"Hannover","DeReKo","set_2022"
"Rang","DeReKo","set_2022"
"Mannheim","DeReKo","set_2022"
"Fischer","DeReKo","set_2022"
"Motto","DeReKo","set_2022"
"Vorstand","DeReKo","set_2022"
"Fan","DeReKo","set_2022"
"Landesregierung","DeReKo","set_2022"
"fordern","DeReKo","set_2022"
"Einwohner","DeReKo","set_2022"
"Bremen","DeReKo","set_2022"
"Geschäftsführer","DeReKo","set_2022"
"Strecke","DeReKo","set_2022"
"möglichst","DeReKo","set_2022"
"Liga","DeReKo","set_2022"
"Fraktion","DeReKo","set_2022"
"Heinz","DeReKo","set_2022"
"Ministerpräsident","DeReKo","set_2022"
"Vorjahr","DeReKo","set_2022"
"wiederum","DeReKo","set_2022"
"jährlich","DeReKo","set_2022"
"bisherige","DeReKo","set_2022"
"Münchner","DeReKo","set_2022"
"Gemeinderat","DeReKo","set_2022"
"Nachfolger","DeReKo","set_2022"
"Staatsanwaltschaft","DeReKo","set_2022"
"Abgeordnete","DeReKo","set_2022"
"betragen","DeReKo","set_2022"
"Rathaus","DeReKo","set_2022"
"ohnehin","DeReKo","set_2022"
"Drittel","DeReKo","set_2022"
"Schröder","DeReKo","set_2022"
"Frankfurter","DeReKo","set_2022"
"immerhin","DeReKo","set_2022"
"Regie","DeReKo","set_2022"
"Kanton","DeReKo","set_2022"
"Salzburg","DeReKo","set_2022"
"eröffnen","DeReKo","set_2022"
"Provinz","DeReKo","set_2022"
"Brüssel","DeReKo","set_2022"
"Düsseldorf","DeReKo","set_2022"
"Ausbau","DeReKo","set_2022"
"veröffentlichen","DeReKo","set_2022"
"entgegen","DeReKo","set_2022"
"Galle","DeReKo","set_2022"
"anschließend","DeReKo","set_2022"
"Schilling","DeReKo","set_2022"
"entsprechend","DeReKo","set_2022"
"Bezirk","DeReKo","set_2022"
"britisch","DeReKo","set_2022"
"Stiftung","DeReKo","set_2022"
"Gastgeber","DeReKo","set_2022"
"Hof","DeReKo","set_2022"
"Version","DeReKo","set_2022"
"Kommune","DeReKo","set_2022"
"Tour","DeReKo","set_2022"
"Kandidat","DeReKo","set_2022"
"möglicherweise","DeReKo","set_2022"
"hervor","DeReKo","set_2022"
"Landtag","DeReKo","set_2022"
"Anmeldung","DeReKo","set_2022"
"Hessen","DeReKo","set_2022"
"ausschließlich","DeReKo","set_2022"
"Eröffnung","DeReKo","set_2022"
"Training","DeReKo","set_2022"
"Bischof","DeReKo","set_2022"
"weitgehend","DeReKo","set_2022"
"ankündigen","DeReKo","set_2022"
"Gelände","DeReKo","set_2022"
"Sänger","DeReKo","set_2022"
"Anlass","DeReKo","set_2022"
"Nürnberger","DeReKo","set_2022"
"Stadtrat","DeReKo","set_2022"
"österreichisch","DeReKo","set_2022"
"Personendaten","DeReKo","set_2022"
"offiziell","DeReKo","set_2022"
"damalig","DeReKo","set_2022"
"zuständig","DeReKo","set_2022"
"durchführen","DeReKo","set_2022"
"Sanierung","DeReKo","set_2022"
"Treffer","DeReKo","set_2022"
"Graf","DeReKo","set_2022"
"drohen","DeReKo","set_2022"
"verzichten","DeReKo","set_2022"
"erhöhen","DeReKo","set_2022"
"grüßen","DeReKo","set_2022"
"Forderung","DeReKo","set_2022"
"kürzlich","DeReKo","set_2022"
"Höhepunkt","DeReKo","set_2022"
"Bewohner","DeReKo","set_2022"
"Rückkehr","DeReKo","set_2022"
"Anschluss","DeReKo","set_2022"
"Bundesliga","DeReKo","set_2022"
"angeblich","DeReKo","set_2022"
"Investition","DeReKo","set_2022"
"mehrfach","DeReKo","set_2022"
"einstellen","DeReKo","set_2022"
"Bundesrat","DeReKo","set_2022"
"Braunschweig","DeReKo","set_2022"
"Bilanz","DeReKo","set_2022"
"hinzu","DeReKo","set_2022"
"Abstimmung","DeReKo","set_2022"
"Brandenburg","DeReKo","set_2022"
"Messe","DeReKo","set_2022"
"Premiere","DeReKo","set_2022"
"Dresden","DeReKo","set_2022"
"Journalist","DeReKo","set_2022"
"Bern","DeReKo","set_2022"
"Wolfsburg","DeReKo","set_2022"
"Neubrandenburg","DeReKo","set_2022"
"erzielen","DeReKo","set_2022"
"vorsehen","DeReKo","set_2022"
"Anfrage","DeReKo","set_2022"
"Wikipedia","DeReKo","set_2022"
"Fläche","DeReKo","set_2022"
"Link","DeReKo","set_2022"
"Finanzierung","DeReKo","set_2022"
"laufend","DeReKo","set_2022"
"abrufen","DeReKo","set_2022"
"verurteilen","DeReKo","set_2022"
"italienisch","DeReKo","set_2022"
"vorerst","DeReKo","set_2022"
"Turnier","DeReKo","set_2022"
"sperren","DeReKo","set_2022"
"zunehmend","DeReKo","set_2022"
"beziehungsweise","DeReKo","set_2022"
"Auftakt","DeReKo","set_2022"
"olympisch","DeReKo","set_2022"
"Veranstalter","DeReKo","set_2022"
"vielmehr","DeReKo","set_2022"
"Konzern","DeReKo","set_2022"
"auszeichnen","DeReKo","set_2022"
"Meisterschaft","DeReKo","set_2022"
"Senat","DeReKo","set_2022"
"Galerie","DeReKo","set_2022"
"Gottesdienst","DeReKo","set_2022"
"Verbandsgemeinde","DeReKo","set_2022"
"Mannheimer","DeReKo","set_2022"
"Eintracht","DeReKo","set_2022"
"Unternehmer","DeReKo","set_2022"
"Autofahrer","DeReKo","set_2022"
"überraschend","DeReKo","set_2022"
"Saal","DeReKo","set_2022"
"Halbzeit","DeReKo","set_2022"
"Rücktritt","DeReKo","set_2022"
"Haft","DeReKo","set_2022"
"Stadtteil","DeReKo","set_2022"
"rasch","DeReKo","set_2022"
"Neuwied","DeReKo","set_2022"
"Viertel","DeReKo","set_2022"
"Linz","DeReKo","set_2022"
"heuer","DeReKo","set_2022"
"Übernahme","DeReKo","set_2022"
"Zürcher","DeReKo","set_2022"
"Sammlung","DeReKo","set_2022"
"einführen","DeReKo","set_2022"
"einrichten","DeReKo","set_2022"
"Branche","DeReKo","set_2022"
"Ortsteil","DeReKo","set_2022"
"SPÖ","DeReKo","set_2022"
"umsetzen","DeReKo","set_2022"
"Stadion","DeReKo","set_2022"
"Einnahme","DeReKo","set_2022"
"informieren","DeReKo","set_2022"
"Akademie","DeReKo","set_2022"
"Vorwurf","DeReKo","set_2022"
"Quadratmeter","DeReKo","set_2022"
"keineswegs","DeReKo","set_2022"
"Liter","DeReKo","set_2022"
"Dortmund","DeReKo","set_2022"
"Basel","DeReKo","set_2022"
"Graz","DeReKo","set_2022"
"Begegnung","DeReKo","set_2022"
"zurzeit","DeReKo","set_2022"
"hauptsächlich","DeReKo","set_2022"
"äußerst","DeReKo","set_2022"
"Herzog","DeReKo","set_2022"
"daraufhin","DeReKo","set_2022"
"Vizepräsident","DeReKo","set_2022"
"Sonnabend","DeReKo","set_2022"
"Ausschuss","DeReKo","set_2022"
"Alternative","DeReKo","set_2022"
"Neubau","DeReKo","set_2022"
"Vorlage","DeReKo","set_2022"
"Hersteller","DeReKo","set_2022"
"aufstellen","DeReKo","set_2022"
"Hitler","response","set_2022"
"Goethe","response","set_2022"
"entspannt","response","set_2022"
"lange","response","set_2022"
"Trump","response","set_2022"
"sinnlos","response","set_2022"
"Spielzeug","response","set_2022"
"Eingang","response","set_2022"
"Demonstration","response","set_2022"
"günstig","response","set_2022"
"Enge","response","set_2022"
"Einstein","response","set_2022"
"hilfsbereit","response","set_2022"
"Lebewesen","response","set_2022"
"passend","response","set_2022"
"verwirrt","response","set_2022"
"Detektiv","response","set_2022"
"Kittel","response","set_2022"
"Lebenslauf","response","set_2022"
"objektiv","response","set_2022"
"Stahl","response","set_2022"
"Benehmen","response","set_2022"
"Elektrizität","response","set_2022"
"schüchtern","response","set_2022"
"Beerdigung","response","set_2022"
"Temperatur","response","set_2022"
"festhalten","response","set_2022"
"Fürsorge","response","set_2022"
"Harry Potter","response","set_2022"
"träumen","response","set_2022"
"Christentum","response","set_2022"
"Duden","response","set_2022"
"Jagd","response","set_2022"
"Oktoberfest","response","set_2022"
"Uhrzeit","response","set_2022"
"Unordnung","response","set_2022"
"Yoga","response","set_2022"
"eigen","response","set_2022"
"Halloween","response","set_2022"
"hüpfen","response","set_2022"
"gebildet","response","set_2022"
"Meeting","response","set_2022"
"unerwartet","response","set_2022"
"Evolution","response","set_2022"
"Gier","response","set_2022"
"Ostsee","response","set_2022"
"Show","response","set_2022"
"arrogant","response","set_2022"
"darum","response","set_2022"
"Gemeinsamkeit","response","set_2022"
"Körperteil","response","set_2022"
"Netzwerk","response","set_2022"
"Satzzeichen","response","set_2022"
"Skandinavien","response","set_2022"
"transparent","response","set_2022"
"Unterschrift","response","set_2022"
"Vorhang","response","set_2022"
"Auszeichnung","response","set_2022"
"flauschig","response","set_2022"
"nie","response","set_2022"
"Phantasie","response","set_2022"
"präzise","response","set_2022"
"Teig","response","set_2022"
"altbacken","response","set_2022"
"Formular","response","set_2022"
"Model","response","set_2022"
"rational","response","set_2022"
"weil","response","set_2022"
"weniger","response","set_2022"
"einordnen","response","set_2022"
"Falten","response","set_2022"
"Feierabend","response","set_2022"
"Freundlichkeit","response","set_2022"
"mehrere","response","set_2022"
"Rechtschreibung","response","set_2022"
"Schalter","response","set_2022"
"Skizze","response","set_2022"
"zielstrebig","response","set_2022"
"blond","response","set_2022"
"eingeschränkt","response","set_2022"
"einmalig","response","set_2022"
"Reihenfolge","response","set_2022"
"Spaziergang","response","set_2022"
"unfrei","response","set_2022"
"dafür","response","set_2022"
"dort","response","set_2022"
"Flüssigkeit","response","set_2022"
"komplex","response","set_2022"
"markieren","response","set_2022"
"Monarchie","response","set_2022"
"spazieren","response","set_2022"
"Sternzeichen","response","set_2022"
"streicheln","response","set_2022"
"Unabhängigkeit","response","set_2022"
"Violine","response","set_2022"
"Badezimmer","response","set_2022"
"beten","response","set_2022"
"Diktator","response","set_2022"
"Erfindung","response","set_2022"
"Fernglas","response","set_2022"
"fies","response","set_2022"
"Gebirge","response","set_2022"
"glänzend","response","set_2022"
"kuscheln","response","set_2022"
"nutzlos","response","set_2022"
"Teenager","response","set_2022"
"unendlich","response","set_2022"
"unheimlich","response","set_2022"
"verständlich","response","set_2022"
"Zeitalter","response","set_2022"
"Alzheimer","response","set_2022"
"Antrieb","response","set_2022"
"befehlen","response","set_2022"
"Bruch","response","set_2022"
"Dschungel","response","set_2022"
"evangelisch","response","set_2022"
"Handarbeit","response","set_2022"
"Laptop","response","set_2022"
"öde","response","set_2022"
"sachlich","response","set_2022"
"speichern","response","set_2022"
"Tankstelle","response","set_2022"
"unnütz","response","set_2022"
"Assoziation","response","set_2022"
"aufrecht","response","set_2022"
"Aufzug","response","set_2022"
"behindert","response","set_2022"
"Dampf","response","set_2022"
"Dreieck","response","set_2022"
"Eiffelturm","response","set_2022"
"Frust","response","set_2022"
"Gespenst","response","set_2022"
"kriminell","response","set_2022"
"Osteuropa","response","set_2022"
"Routine","response","set_2022"
"Stall","response","set_2022"
"vergangen","response","set_2022"
"Vitamine","response","set_2022"
"Zerstörung","response","set_2022"
"bedeutend","response","set_2022"
"Leichtigkeit","response","set_2022"
"Männername","response","set_2022"
"Nord","response","set_2022"
"Schlafzimmer","response","set_2022"
"Überzeugung","response","set_2022"
"unschön","response","set_2022"
"verlässlich","response","set_2022"
"Verpflichtung","response","set_2022"
"Anweisung","response","set_2022"
"Apotheke","response","set_2022"
"Blickwinkel","response","set_2022"
"brav","response","set_2022"
"dazu","response","set_2022"
"Eile","response","set_2022"
"Faulheit","response","set_2022"
"federn","response","set_2022"
"geil","response","set_2022"
"heimlich","response","set_2022"
"hinweisen","response","set_2022"
"Holland","response","set_2022"
"Hürde","response","set_2022"
"Kleber","response","set_2022"
"organisieren","response","set_2022"
"Rezept","response","set_2022"
"Urkunde","response","set_2022"
"Verkehrsmittel","response","set_2022"
"Würde","response","set_2022"
"Antike","response","set_2022"
"Business","response","set_2022"
"Ego","response","set_2022"
"exotisch","response","set_2022"
"Fach","response","set_2022"
"gläubig","response","set_2022"
"Glühbirne","response","set_2022"
"Hintern","response","set_2022"
"kreieren","response","set_2022"
"Römer","response","set_2022"
"Schauspiel","response","set_2022"
"Silvester","response","set_2022"
"Teamwork","response","set_2022"
"Thermometer","response","set_2022"
"Ticket","response","set_2022"
"unehrlich","response","set_2022"
"unsympathisch","response","set_2022"
"Unterkunft","response","set_2022"
"Vereinbarung","response","set_2022"
"Weltraum","response","set_2022"
"ärgerlich","response","set_2022"
"attraktiv","response","set_2022"
"beweglich","response","set_2022"
"Dirndl","response","set_2022"
"Finanzamt","response","set_2022"
"Gabe","response","set_2022"
"loslassen","response","set_2022"
"Lücke","response","set_2022"
"Räuber","response","set_2022"
"Reagenzglas","response","set_2022"
"selbstlos","response","set_2022"
"shoppen","response","set_2022"
"später","response","set_2022"
"uninteressant","response","set_2022"
"unverständlich","response","set_2022"
"Vorgabe","response","set_2022"
"Wiederholung","response","set_2022"
"zerbrechlich","response","set_2022"
"antik","response","set_2022"
"anwesend","response","set_2022"
"Bauarbeiter","response","set_2022"
"Besprechung","response","set_2022"
"bügeln","response","set_2022"
"Elektronik","response","set_2022"
"geborgen","response","set_2022"
"Hygiene","response","set_2022"
"Landkarte","response","set_2022"
"Level","response","set_2022"
"Linguistik","response","set_2022"
"nachdenklich","response","set_2022"
"Nudeln","response","set_2022"
"Orient","response","set_2022"
"rar","response","set_2022"
"reiten","response","set_2022"
"Rentier","response","set_2022"
"schriftlich","response","set_2022"
"Staubsauger","response","set_2022"
"Waschmaschine","response","set_2022"
"Alphabet","response","set_2022"
"Anzeige","response","set_2022"
"aufgeräumt","response","set_2022"
"Blech","response","set_2022"
"CD","response","set_2022"
"clever","response","set_2022"
"Diagramm","response","set_2022"
"Erscheinung","response","set_2022"
"Fortbewegung","response","set_2022"
"Kleinkind","response","set_2022"
"Marx","response","set_2022"
"Menschenmenge","response","set_2022"
"Moritz","response","set_2022"
"Objektivität","response","set_2022"
"ohne","response","set_2022"
"Prädikat","response","set_2022"
"renovieren","response","set_2022"
"Sonnenaufgang","response","set_2022"
"Übung","response","set_2022"
"Zeitdruck","response","set_2022"
"aber","response","set_2022"
"Ablage","response","set_2022"
"Amazon","response","set_2022"
"chic","response","set_2022"
"dagegen","response","set_2022"
"dauernd","response","set_2022"
"farbig","response","set_2022"
"Fernweh","response","set_2022"
"festgelegt","response","set_2022"
"Fundament","response","set_2022"
"Gewohnheit","response","set_2022"
"kotzen","response","set_2022"
"Oberfläche","response","set_2022"
"Olympia","response","set_2022"
"säubern","response","set_2022"
"Späne","response","set_2022"
"Tal","response","set_2022"
"vernünftig","response","set_2022"
"vielseitig","response","set_2022"
"Vorgesetzter","response","set_2022"
"wenige","response","set_2022"
"Wohnort","response","set_2022"
"Asphalt","response","set_2022"
"Bote","response","set_2022"
"Deutsche Bahn","response","set_2022"
"Diät","response","set_2022"
"durchsetzen","response","set_2022"
"gestreift","response","set_2022"
"Glatze","response","set_2022"
"Illusion","response","set_2022"
"Kafka","response","set_2022"
"Mittelmeer","response","set_2022"
"mittig","response","set_2022"
"Nationalsozialismus","response","set_2022"
"romantisch","response","set_2022"
"Sonnenuntergang","response","set_2022"
"Tipp","response","set_2022"
"Volksmusik","response","set_2022"
"Wartezimmer","response","set_2022"
"zurückhaltend","response","set_2022"
"Zwerg","response","set_2022"
"aggressiv","response","set_2022"
"Aussprache","response","set_2022"
"Creme","response","set_2022"
"effizient","response","set_2022"
"Export","response","set_2022"
"Freud","response","set_2022"
"golden","response","set_2022"
"Hypothese","response","set_2022"
"introvertiert","response","set_2022"
"Mönch","response","set_2022"
"pink","response","set_2022"
"Rucksack","response","set_2022"
"Streber","response","set_2022"
"Taschentuch","response","set_2022"
"Traurigkeit","response","set_2022"
"Wichtigkeit","response","set_2022"
"Zugehörigkeit","response","set_2022"
"auffällig","response","set_2022"
"Auftritt","response","set_2022"
"beständig","response","set_2022"
"Briefmarke","response","set_2022"
"eilig","response","set_2022"
"erfrischend","response","set_2022"
"Event","response","set_2022"
"Grundgesetz","response","set_2022"
"Jahreszeit","response","set_2022"
"Kasten","response","set_2022"
"Korruption","response","set_2022"
"krabbeln","response","set_2022"
"Krankenwagen","response","set_2022"
"langwierig","response","set_2022"
"meistens","response","set_2022"
"Nahrungsmittel","response","set_2022"
"östlich","response","set_2022"
"Pickel","response","set_2022"
"Porzellan","response","set_2022"
"Saite","response","set_2022"
"streiten","response","set_2022"
"Teich","response","set_2022"
"Umarmung","response","set_2022"
"unruhig","response","set_2022"
"unvollständig","response","set_2022"
"unwohl","response","set_2022"
"wackelig","response","set_2022"
"Absprache","response","set_2022"
"andere","response","set_2022"
"Baumarkt","response","set_2022"
"Beleidigung","response","set_2022"
"Blaumann","response","set_2022"
"daheim","response","set_2022"
"danach","response","set_2022"
"dauerhaft","response","set_2022"
"differenzieren","response","set_2022"
"Doktorarbeit","response","set_2022"
"flink","response","set_2022"
"igitt","response","set_2022"
"konstruktiv","response","set_2022"
"Migration","response","set_2022"
"Müdigkeit","response","set_2022"
"Nonne","response","set_2022"
"Pfeffer","response","set_2022"
"Quadrat","response","set_2022"
"Quittung","response","set_2022"
"regional","response","set_2022"
"Reinigung","response","set_2022"
"Schlamm","response","set_2022"
"Süd","response","set_2022"
"Synonym","response","set_2022"
"telefonieren","response","set_2022"
"Testament","response","set_2022"
"These","response","set_2022"
"unfreundlich","response","set_2022"
"unterwürfig","response","set_2022"
"Verbundenheit","response","set_2022"
"vergleichen","response","set_2022"
"Verpackung","response","set_2022"
"Zeitspanne","response","set_2022"
"zupfen","response","set_2022"
"Zusammenschluss","response","set_2022"
"Abgase","response","set_2022"
"abgeschlossen","response","set_2022"
"addieren","response","set_2022"
"agieren","response","set_2022"
"Allergie","response","set_2022"
"altertümlich","response","set_2022"
"anwenden","response","set_2022"
"beinhalten","response","set_2022"
"Bekleidung","response","set_2022"
"Busch","response","set_2022"
"Dankbarkeit","response","set_2022"
"Grafik","response","set_2022"
"Mähne","response","set_2022"
"Minderheit","response","set_2022"
"Pädagogik","response","set_2022"
"Paragraph","response","set_2022"
"Pommes","response","set_2022"
"Pünktlichkeit","response","set_2022"
"Pyramiden","response","set_2022"
"Regenschirm","response","set_2022"
"Schulfach","response","set_2022"
"Schüssel","response","set_2022"
"Spielplatz","response","set_2022"
"unter","response","set_2022"
"Word","response","set_2022"
"Anden","response","set_2022"
"Baumwolle","response","set_2022"
"bedeutsam","response","set_2022"
"Berufung","response","set_2022"
"Bestellung","response","set_2022"
"deuten","response","set_2022"
"durchdacht","response","set_2022"
"effektiv","response","set_2022"
"erschöpft","response","set_2022"
"Excel","response","set_2022"
"Gehorsam","response","set_2022"
"Gymnasium","response","set_2022"
"Korrektur","response","set_2022"
"krass","response","set_2022"
"Kraut","response","set_2022"
"künstlich","response","set_2022"
"Lippenstift","response","set_2022"
"machbar","response","set_2022"
"Münze","response","set_2022"
"Nordsee","response","set_2022"
"Pension","response","set_2022"
"Reptil","response","set_2022"
"Rüstung","response","set_2022"
"Statue","response","set_2022"
"Steppe","response","set_2022"
"störend","response","set_2022"
"unbewusst","response","set_2022"
"ungleich","response","set_2022"
"Verschwendung","response","set_2022"
"Verzweiflung","response","set_2022"
"zweiter","response","set_2022"
"Abgabe","response","set_2022"
"Adjektiv","response","set_2022"
"analog","response","set_2022"
"Ausbeutung","response","set_2022"
"Begeisterung","response","set_2022"
"beruhigend","response","set_2022"
"Besserwisser","response","set_2022"
"brauchbar","response","set_2022"
"Deutschunterricht","response","set_2022"
"düster","response","set_2022"
"Ehrenamt","response","set_2022"
"Fazit","response","set_2022"
"Gelassenheit","response","set_2022"
"Kartenspiel","response","set_2022"
"kommunizieren","response","set_2022"
"Misstrauen","response","set_2022"
"Mittagessen","response","set_2022"
"Möbelstück","response","set_2022"
"Mühle","response","set_2022"
"Müsli","response","set_2022"
"Nomen","response","set_2022"
"Popcorn","response","set_2022"
"Putzmittel","response","set_2022"
"Schöpfung","response","set_2022"
"Sender","response","set_2022"
"Sozialismus","response","set_2022"
"Tabak","response","set_2022"
"tippen","response","set_2022"
"trüb","response","set_2022"
"Verfolgung","response","set_2022"
"Werkzeugkasten","response","set_2022"
"zweideutig","response","set_2022"
"analysieren","response","set_2022"
"ausnutzen","response","set_2022"
"bearbeiten","response","set_2022"
"Beethoven","response","set_2022"
"befolgen","response","set_2022"
"Bestätigung","response","set_2022"
"Bildschirm","response","set_2022"
"Breite","response","set_2022"
"Brüderlichkeit","response","set_2022"
"Chips","response","set_2022"
"damals","response","set_2022"
"Date","response","set_2022"
"DHL","response","set_2022"
"engagiert","response","set_2022"
"Fokus","response","set_2022"
"gezwungen","response","set_2022"
"halb","response","set_2022"
"Hardware","response","set_2022"
"Hirn","response","set_2022"
"Holocaust","response","set_2022"
"kariert","response","set_2022"
"knackig","response","set_2022"
"korrigieren","response","set_2022"
"labern","response","set_2022"
"Missbrauch","response","set_2022"
"Mörtel","response","set_2022"
"oberflächlich","response","set_2022"
"Ökonomie","response","set_2022"
"Rechner","response","set_2022"
"Regenwald","response","set_2022"
"Relation","response","set_2022"
"seriös","response","set_2022"
"Stauraum","response","set_2022"
"Transparenz","response","set_2022"
"unbeweglich","response","set_2022"
"Verwandte","response","set_2022"
"visuell","response","set_2022"
"WC","response","set_2022"
"Western","response","set_2022"
"Absage","response","set_2022"
"abstimmen","response","set_2022"
"Addition","response","set_2022"
"Ausrede","response","set_2022"
"bohren","response","set_2022"
"BWL","response","set_2022"
"chaotisch","response","set_2022"
"City","response","set_2022"
"Effizienz","response","set_2022"
"eigenartig","response","set_2022"
"erfinden","response","set_2022"
"erlaubt","response","set_2022"
"fad","response","set_2022"
"Felsen","response","set_2022"
"Flur","response","set_2022"
"Freiheitsstatue","response","set_2022"
"Gerüst","response","set_2022"
"gleichgültig","response","set_2022"
"Gliederung","response","set_2022"
"großzügig","response","set_2022"
"Hilflosigkeit","response","set_2022"
"Innovation","response","set_2022"
"Lastwagen","response","set_2022"
"mental","response","set_2022"
"Nachbarland","response","set_2022"
"Nationalität","response","set_2022"
"Philosoph","response","set_2022"
"Prag","response","set_2022"
"recherchieren","response","set_2022"
"relaxen","response","set_2022"
"Schleife","response","set_2022"
"Streichinstrument","response","set_2022"
"tapfer","response","set_2022"
"unauffällig","response","set_2022"
"ungemütlich","response","set_2022"
"ungenügend","response","set_2022"
"verschlossen","response","set_2022"
"Verwandlung","response","set_2022"
"Ziffer","response","set_2022"
"Zuversicht","response","set_2022"
"Anwesenheit","response","set_2022"
"anziehend","response","set_2022"
"außen","response","set_2022"
"Bedienung","response","set_2022"
"beeindruckend","response","set_2022"
"Berührung","response","set_2022"
"Bettler","response","set_2022"
"Blähungen","response","set_2022"
"bremsen","response","set_2022"
"Durchhaltevermögen","response","set_2022"
"egoistisch","response","set_2022"
"einige","response","set_2022"
"einverstanden","response","set_2022"
"ekelhaft","response","set_2022"
"elektrisch","response","set_2022"
"endlos","response","set_2022"
"Erläuterung","response","set_2022"
"Ersatz","response","set_2022"
"Examen","response","set_2022"
"grob","response","set_2022"
"irrelevant","response","set_2022"
"Katalog","response","set_2022"
"kennenlernen","response","set_2022"
"Knall","response","set_2022"
"Kohlensäure","response","set_2022"
"Lautstärke","response","set_2022"
"Marathon","response","set_2022"
"nüchtern","response","set_2022"
"okay","response","set_2022"
"penibel","response","set_2022"
"Raub","response","set_2022"
"Rollator","response","set_2022"
"Schmidt","response","set_2022"
"schräg","response","set_2022"
"Sonnenbrille","response","set_2022"
"Spanisch","response","set_2022"
"stetig","response","set_2022"
"trainieren","response","set_2022"
"Tüte","response","set_2022"
"Übergewicht","response","set_2022"
"übertrieben","response","set_2022"
"Überwachung","response","set_2022"
"Ungleichheit","response","set_2022"
"Unwissenheit","response","set_2022"
"vage","response","set_2022"
"Verabredung","response","set_2022"
"verschwommen","response","set_2022"
"wiederholen","response","set_2022"
"Wortschatz","response","set_2022"
"Angeklagter","response","set_2022"
"anpassen","response","set_2022"
"Badewanne","response","set_2022"
"Base","response","set_2022"
"Bedrohung","response","set_2022"
"begabt","response","set_2022"
"bieder","response","set_2022"
"Celsius","response","set_2022"
"daneben","response","set_2022"
"Dressing","response","set_2022"
"Fairness","response","set_2022"
"fehlerhaft","response","set_2022"
"Gebäck","response","set_2022"
"gegen","response","set_2022"
"Google","response","set_2022"
"Haustür","response","set_2022"
"heil","response","set_2022"
"heilen","response","set_2022"
"Hilfestellung","response","set_2022"
"hinterfragen","response","set_2022"
"Hollywood","response","set_2022"
"Hülle","response","set_2022"
"Individualität","response","set_2022"
"IQ","response","set_2022"
"Josef","response","set_2022"
"Kalorien","response","set_2022"
"Knolle","response","set_2022"
"Konsens","response","set_2022"
"krumm","response","set_2022"
"Kugelschreiber","response","set_2022"
"lässig","response","set_2022"
"loyal","response","set_2022"
"Multiplikation","response","set_2022"
"Neckar","response","set_2022"
"original","response","set_2022"
"Pille","response","set_2022"
"Protokoll","response","set_2022"
"Pulli","response","set_2022"
"rau","response","set_2022"
"Recherche","response","set_2022"
"Rechtfertigung","response","set_2022"
"Recycling","response","set_2022"
"Satzbau","response","set_2022"
"schwarz-weiß","response","set_2022"
"summen","response","set_2022"
"Unterlagen","response","set_2022"
"Vergrößerung","response","set_2022"
"verhandeln","response","set_2022"
"verneinen","response","set_2022"
"Wellness","response","set_2022"
"Werkbank","response","set_2022"
"Würstchen","response","set_2022"
"andauernd","response","set_2022"
"anpacken","response","set_2022"
"Anteilnahme","response","set_2022"
"arabisch","response","set_2022"
"Argumentation","response","set_2022"
"ausfüllen","response","set_2022"
"Baden-Württemberg","response","set_2022"
"bald","response","set_2022"
"Bekannte","response","set_2022"
"Block","response","set_2022"
"Briefkasten","response","set_2022"
"eingebildet","response","set_2022"
"einteilen","response","set_2022"
"Erleuchtung","response","set_2022"
"geheimnisvoll","response","set_2022"
"gelassen","response","set_2022"
"Grippe","response","set_2022"
"Handschlag","response","set_2022"
"Herzklopfen","response","set_2022"
"James Bond","response","set_2022"
"karg","response","set_2022"
"Lauch","response","set_2022"
"Lebensfreude","response","set_2022"
"ledig","response","set_2022"
"manipulieren","response","set_2022"
"Nachsicht","response","set_2022"
"Power","response","set_2022"
"Radiergummi","response","set_2022"
"rollen","response","set_2022"
"Samen","response","set_2022"
"schälen","response","set_2022"
"schief","response","set_2022"
"schlichten","response","set_2022"
"Shopping","response","set_2022"
"Steckdose","response","set_2022"
"Steuererklärung","response","set_2022"
"Strick","response","set_2022"
"sympathisch","response","set_2022"
"überlegt","response","set_2022"
"Umfrage","response","set_2022"
"Umschlag","response","set_2022"
"umschreiben","response","set_2022"
"unmodern","response","set_2022"
"Verkleidung","response","set_2022"
"vertraulich","response","set_2022"
"Vespa","response","set_2022"
"Vorsatz","response","set_2022"
"Waschbecken","response","set_2022"
"weitergeben","response","set_2022"
"widerlich","response","set_2022"
"Zentimeter","response","set_2022"
"Ablenkung","response","set_2022"
"Absperrung","response","set_2022"
"Anpassung","response","set_2022"
"Aufbewahrung","response","set_2022"
"aufschreiben","response","set_2022"
"aushalten","response","set_2022"
"Auswertung","response","set_2022"
"Beamer","response","set_2022"
"BRD","response","set_2022"
"Briefträger","response","set_2022"
"Bundesland","response","set_2022"
"Chili","response","set_2022"
"Dachboden","response","set_2022"
"Darm","response","set_2022"
"Disco","response","set_2022"
"dominant","response","set_2022"
"dreist","response","set_2022"
"ebay","response","set_2022"
"Einigkeit","response","set_2022"
"Eleganz","response","set_2022"
"enorm","response","set_2022"
"entfernt","response","set_2022"
"Erdöl","response","set_2022"
"erforschen","response","set_2022"
"Fließband","response","set_2022"
"formen","response","set_2022"
"Gasse","response","set_2022"
"geschützt","response","set_2022"
"Glitzer","response","set_2022"
"gründlich","response","set_2022"
"Hilfsmittel","response","set_2022"
"Hingabe","response","set_2022"
"inklusive","response","set_2022"
"Inspiration","response","set_2022"
"Iris","response","set_2022"
"Kleinigkeit","response","set_2022"
"Konstruktion","response","set_2022"
"Kot","response","set_2022"
"Lappen","response","set_2022"
"loslegen","response","set_2022"
"nachgeben","response","set_2022"
"organisiert","response","set_2022"
"Ostblock","response","set_2022"
"raten","response","set_2022"
"Ratschlag","response","set_2022"
"Riesenrad","response","set_2022"
"Schicht","response","set_2022"
"Schlussfolgerung","response","set_2022"
"Schnitt","response","set_2022"
"Schnitzel","response","set_2022"
"surfen","response","set_2022"
"Tagebuch","response","set_2022"
"Täuschung","response","set_2022"
"tödlich","response","set_2022"
"Tsunami","response","set_2022"
"ungewollt","response","set_2022"
"unhöflich","response","set_2022"
"Vatikan","response","set_2022"
"verborgen","response","set_2022"
"Verständigung","response","set_2022"
"Vision","response","set_2022"
"zäh","response","set_2022"
"Zärtlichkeit","response","set_2022"
"Zinsen","response","set_2022"
"zusagen","response","set_2022"
"abschreiben","response","set_2022"
"Andenken","response","set_2022"
"anerkannt","response","set_2022"
"ARD","response","set_2022"
"auffallend","response","set_2022"
"Benutzung","response","set_2022"
"Beschluss","response","set_2022"
"Butler","response","set_2022"
"Camping","response","set_2022"
"Christ","response","set_2022"
"duschen","response","set_2022"
"dynamisch","response","set_2022"
"Eifersucht","response","set_2022"
"Erneuerung","response","set_2022"
"fließend","response","set_2022"
"Gefäß","response","set_2022"
"Genetik","response","set_2022"
"Herr der Ringe","response","set_2022"
"hin","response","set_2022"
"Hochwasser","response","set_2022"
"Ideal","response","set_2022"
"Ignoranz","response","set_2022"
"Kausalität","response","set_2022"
"Kennzeichen","response","set_2022"
"klatschen","response","set_2022"
"Klimawandel","response","set_2022"
"Königreich","response","set_2022"
"Kopfbedeckung","response","set_2022"
"Kopfschmerzen","response","set_2022"
"Lebensabschnitt","response","set_2022"
"Manieren","response","set_2022"
"mehrmals","response","set_2022"
"Mischung","response","set_2022"
"Naturwissenschaft","response","set_2022"
"Nordafrika","response","set_2022"
"Nostalgie","response","set_2022"
"Oder","response","set_2022"
"Öko","response","set_2022"
"Passion","response","set_2022"
"Picasso","response","set_2022"
"pingelig","response","set_2022"
"Präzision","response","set_2022"
"Privatsphäre","response","set_2022"
"Puzzle","response","set_2022"
"Quantität","response","set_2022"
"Robe","response","set_2022"
"Schornstein","response","set_2022"
"Seefahrt","response","set_2022"
"sekundär","response","set_2022"
"Selbstständigkeit","response","set_2022"
"Spott","response","set_2022"
"Spucke","response","set_2022"
"Tau","response","set_2022"
"Uhu","response","set_2022"
"Ulm","response","set_2022"
"vegan","response","set_2022"
"vereinbaren","response","set_2022"
"Vererbung","response","set_2022"
"vergrößern","response","set_2022"
"verklemmt","response","set_2022"
"Vorfahren","response","set_2022"
"Wasserhahn","response","set_2022"
"Weitblick","response","set_2022"
"Zusammengehörigkeit","response","set_2022"
"Zweisamkeit","response","set_2022"
"Ankunft","response","set_2022"
"Anordnung","response","set_2022"
"auffallen","response","set_2022"
"Aufführung","response","set_2022"
"aufzeigen","response","set_2022"
"ausweichen","response","set_2022"
"Bachelor","response","set_2022"
"bedacht","response","set_2022"
"Bequemlichkeit","response","set_2022"
"bescheuert","response","set_2022"
"blass","response","set_2022"
"Box","response","set_2022"
"bücken","response","set_2022"
"Bügel","response","set_2022"
"Defekt","response","set_2022"
"Diversität","response","set_2022"
